System_Ref,FIS_Provider_Name,Upload_to_FIDy,Level_3_Description
207,Kids' City At Woodmansterne Primary School - After School Club,FSD,Breakfast and after school clubs
208,Arty Party,FSD,Holiday activities
208,Arty Party,FSD,Childcare during the holidays
294,Tulse Hill Adventure Playground,FSD,Adventure play
297,Kids' City At St. Marys R.C. Primary School - After School Club,FSD,Breakfast and after school clubs
301,Slade Gardens Adventure Playground,FSD,Adventure play
391,St Peters After School Club,ECD,Breakfast and after school clubs
476,Springfield Community Flat After School Club,ECD,Breakfast and after school clubs
508,EKC at Archbishop Sumner School,ECD,Breakfast and after school clubs
630,Aktiv-Fun,ECD,Breakfast and after school clubs
697,Rosemead Preparatory School & Nursery,ECD,"Nursery (Private, voluntary and independent providers)"
698,The Whitehouse Prep & Woodentops Kindergarten,ECD,"Nursery (Private, voluntary and independent providers)"
699,Broomwood Hall School,ECD,"Nursery (Private, voluntary and independent providers)"
701,Streatham & Clapham High School Junior Dept,ECD,"Nursery (Private, voluntary and independent providers)"
702, London Steiner School,ECD,"Nursery (Private, voluntary and independent providers)"
703,Lollard Street Adventure Playground,FSD,Adventure play
706,Willington Road Youth & Community Hub,FSD,Adventure play
709,Triangle Adventure Playground,FSD,Adventure play
802,Elm Court School,ECD,Special schools
802,Elm Court School,ECD,Secondary Special Schools
802,Elm Court School,ECD,16 - 19 Specialist Provision
803,Lansdowne School,ECD,Special schools
803,Lansdowne School,ECD,Secondary Special Schools
803,Lansdowne School,ECD,16 - 19 Specialist Provision
804,The Michael Tippett School,FSD,Special schools
804,The Michael Tippett School,FSD,Specialist Resource Base
804,The Michael Tippett School,FSD,Secondary Special Schools
804,The Michael Tippett School,FSD,16 - 19 Specialist Provision
805,Turney Primary And Secondary Special School,ECD,Special schools
805,Turney Primary And Secondary Special School,ECD,Primary Special Schools
805,Turney Primary And Secondary Special School,ECD,Secondary Special Schools
805,Turney Primary And Secondary Special School,ECD,16 - 19 Specialist Provision
874,The Livity School,FSD,Special schools
874,The Livity School,FSD,Primary Special Schools
875,Allen Edwards Primary School - After School Club,ECD,Breakfast and after school clubs
877,Cherubins Day Nursery Ltd,ECD,Breakfast and after school clubs
882,Holmewood Nursery School - After School Club,ECD,Breakfast and after school clubs
883,Loughborough Primary School - After School Club,ECD,Breakfast and after school clubs
885,Julians Primary School - Breakfast Club,ECD,Breakfast and after school clubs
890,Telferscot Primary School - After School Club,ECD,Breakfast and after school clubs
893,Christ Church Primary Sw9 - After School Club,ECD,Breakfast and after school clubs
894,Durand Academy - After School Club,ECD,Breakfast and after school clubs
897,Hitherfield Primary School - After School Club,ECD,Breakfast and after school clubs
901,Rosendale Primary School After School Club,ECD,Breakfast and after school clubs
902,St Andrews Roman Catholic Primary School -  Twighlights After School Club,ECD,Breakfast and after school clubs
903,Stockwell Primary School - After School Club,ECD,Breakfast and after school clubs
908,Vauxhall City Farm,FSD,City farms
919,Macaulay Church Of England Primary School - Breakfast Club,ECD,Breakfast and after school clubs
924,Hurley Pre-School,ECD,Breakfast and after school clubs
925,Hurley Pre-School,ECD,Breakfast and after school clubs
941,Magic Roundabout Nurseries Ltd,FSD,Holiday activities
942,Loughborough Primary School - Breakfast Club,ECD,Breakfast and after school clubs
952,Whippersnappers Inclusive After School Club,FSD,Breakfast and after school clubs
961,Streatham Wells Primary School - Breakfast Club,ECD,Breakfast and after school clubs
972,Hitherfield Primary School - Breakfast Club,ECD,Breakfast and after school clubs
974,Immanuel And St Andrew C Of E Primary School - Breakfast Club,ECD,Breakfast and after school clubs
975,Oasis Academy Johanna - Breakfast Club,ECD,Breakfast and after school clubs
976,Oasis Academy Johanna - After School Club,ECD,Breakfast and after school clubs
988,Rosendale Primary School Breakfast Club,ECD,Breakfast and after school clubs
1012,Cherubins Day Nursery Ltd,FSD,Breakfast and after school clubs
1072,St Peter's Church - Breakfast Club,ECD,Breakfast and after school clubs
1383,Brixton Library,FSD,Libraries
1388,Carnegie Library,FSD,Libraries
1393,Clapham Library,FSD,Libraries
1399,Durning Library,FSD,Libraries
1404,Minet Library,FSD,Libraries
1415,Tate South Lambeth Library,FSD,Libraries
1420,Streatham Library,FSD,Libraries
1445,Waterloo Library,FSD,Libraries
1450,West Norwood Library,FSD,Libraries
1491,Slade Gardens Play And Stay,FSD,Parent and toddler groups
1491,Slade Gardens Play And Stay,FSD,Stay and Play one o'clock clubs
1514,Kennington Park Centre Stay And Play,FSD,Parent and toddler groups
1514,Kennington Park Centre Stay And Play,FSD,Stay and Play one o'clock clubs
1517,Vauxhall Primary School - Breakfast Club,FSD,Breakfast and after school clubs
1519,Kennington Park Centre Adventure Playground,FSD,Adventure play
1525,Streatham Vale Stay And Play,FSD,Parent and toddler groups
1525,Streatham Vale Stay And Play,FSD,Stay and Play one o'clock clubs
1612,Friday Youth Club @ Slade Gardens Adventure Playground,FSD,Youth clubs
1616,Streatham Adventure Playground,FSD,Adventure play
1657,Flaxman Sports Centre,FSD,Leisure Centres
1658,Clapham Leisure Centre,FSD,Leisure Centres
1678,Streatham Ice And Leisure Centre,FSD,Leisure Centres
1706,Clapham Manor - Breakfast Club,ECD,Breakfast and after school clubs
1841,Coin Street Neighbourhood Centre - Healthy Eating 0 - 5 Yrs,FSD,Healthy eating
1856,Coin Street Neighbourhood Centre - Holiday Playscheme,FSD,Childcare during the holidays
1930,Rough Sleepers Space,FSD,
1932,Women's Space,FSD,
1938,Whippersnappers,FSD,"Music, dance and drama"
1938,Whippersnappers,FSD,Sports
1941,Camberwell Sexual Health Centre,FSD,Sexual health
2031,Young And Talented - School Of Stage And Screen,FSD,"Music, dance and drama"
2032,Saturday Classe,FSD,Creative Arts and Multimedia
2054,Art4space,FSD,Creative Arts and Multimedia
2113,St Michael's Fellowship,FSD,Support for young parents
2124,High Trees Community Development Trust,FSD,Family learning
2124,High Trees Community Development Trust,FSD,Youth clubs
2124,High Trees Community Development Trust,FSD,Adventure play
2124,High Trees Community Development Trust,FSD,Parks and playgrounds
2124,High Trees Community Development Trust,FSD,Courses for adults
2124,High Trees Community Development Trust,FSD,Finding employment
2124,High Trees Community Development Trust,FSD,Mentoring
2124,High Trees Community Development Trust,FSD,Support for young people out of education and employment
2183,Fulham Football Club Foundation,FSD,Sports
2202,King’s College Hospital Nhs Foundation Trust,FSD,
2279,Rathbone Youth Service,FSD,Youth clubs
2312,Wyvil Language Centre,FSD,Specialist Resource Base
2312,Wyvil Language Centre,FSD,Primary Resource Bases
2321,Home-Start Lambeth,FSD,Parenting support in the early years
2321,Home-Start Lambeth,FSD,Services to support around domestic abuse
2321,Home-Start Lambeth,FSD,Support for young parents
2321,Home-Start Lambeth,FSD,Parenting support
2619,Alford House Youth Club,FSD,Youth clubs
2619,Alford House Youth Club,FSD,"Music, dance and drama"
2619,Alford House Youth Club,FSD,Sports
2665,Hill Mead Primary School - Breakfast Club,ECD,Breakfast and after school clubs
2701,Special Educational Needs (SEND),FSD,Parenting support – SEND
2701,Special Educational Needs (SEND),FSD,Parenting support
2701,Special Educational Needs (SEND),FSD,"Lambeth Information, Advice and Support (IASS)"
2704,S.Y.C.T. Seniors Club,FSD,Youth clubs
2704,S.Y.C.T. Seniors Club,FSD,Holiday activities
2704,S.Y.C.T. Seniors Club,FSD,Sports
2704,S.Y.C.T. Seniors Club,FSD,Creative Arts and Multimedia
2821,Oasis Play After School Environmental Play,FSD,Parks and playgrounds
2900,Brixton Advice Centre,FSD,Money matters (benefits and debt)
2913,Brockwell Park Community Greenhouses,FSD,Holiday activities
2913,Brockwell Park Community Greenhouses,FSD,Parks and playgrounds
2913,Brockwell Park Community Greenhouses,FSD,Parent and toddler groups
2913,Brockwell Park Community Greenhouses,FSD,Volunteering and work experience
3013,St Stephen's Youth Work,FSD,Youth clubs
3048,Lifelong Family Links Playschemes,FSD,Holiday activities
3076,Bonneville Primary School - Carry On Café,ECD,Breakfast and after school clubs
3093,Every Pound Counts,FSD,Money matters (benefits and debt)
3095,Park Campus Academy (Secondary Alternative Provision),ECD,Secondary schools
3151,Code 7 Ltd,FSD,Mentoring
3151,Code 7 Ltd,FSD,Courses for young adults
3151,Code 7 Ltd,FSD,Creative Arts and Multimedia
3156,Ferndale Community Sports Centre,FSD,Leisure Centres
3210,Scope,FSD,
3444,Lambeth Somali Community Association,FSD,
3444,Lambeth Somali Community Association,FSD,Money matters (benefits and debt)
3591,Online Homework Club,FSD,
3660,Kidscape,FSD,Young carers
3660,Kidscape,FSD,Mentoring
3660,Kidscape,FSD,Mental health and well being
3660,Kidscape,FSD,Physical health
3711,Lambeth Autism Group (National Autistic Society Lambeth Branch),FSD,Parenting support – SEND
3711,Lambeth Autism Group (National Autistic Society Lambeth Branch),FSD,Parenting support
3755,Lambeth Adoption And Fostering,FSD,Early help
3843,Wheels For Wellbeing,FSD,Sports
3940,Crystal Palace Community Development Trust,FSD,Family learning
3940,Crystal Palace Community Development Trust,FSD,Courses for adults
3940,Crystal Palace Community Development Trust,FSD,Courses for young adults
3955,Kingswood Estate Community Shop,FSD,Money matters (benefits and debt)
4063,Welcare - Lambeth Office,FSD,Parenting support for primary school children
4063,Welcare - Lambeth Office,FSD,Parenting support
4063,Welcare - Lambeth Office,FSD,Early help
4147,National Autistic Society,FSD,Parenting support – SEND
4147,National Autistic Society,FSD,Parenting support
4265,Childline,FSD,Sexual health
4265,Childline,FSD,"Sexual abuse, exploitation and FGM"
4265,Childline,FSD,Substance misuse
4265,Childline,FSD,Mental health and well being
4265,Childline,FSD,Physical health
4286,Lambeth Participation And Engagement Service (PES),FSD,Parenting support
4335,Disability Advice Service Lambeth (DASL),FSD,
4335,Disability Advice Service Lambeth (DASL),FSD,Money matters (benefits and debt)
4335,Disability Advice Service Lambeth (DASL),FSD,Complex health needs
4335,Disability Advice Service Lambeth (DASL),FSD,Hearing and visual impairment
4499,St Leonard's Church Of England Primary School - Breakfast Club,ECD,Breakfast and after school clubs
4516,Norwood Community Group Services,FSD,"Music, dance and drama"
4516,Norwood Community Group Services,FSD,Sports
4516,Norwood Community Group Services,FSD,Courses for adults
4516,Norwood Community Group Services,FSD,Creative Arts and Multimedia
4516,Norwood Community Group Services,FSD,Get support working with a disability
4536,Kennington Park Academy (Primary Alternative Provision),ECD,Special schools
4684,Roots & Shoots,FSD,
4684,Roots & Shoots,FSD,Learning English
4684,Roots & Shoots,FSD,Courses for young adults
4684,Roots & Shoots,FSD,Get support working with a disability
4684,Roots & Shoots,FSD,Post 19 Specialist Provision
4696,South Central Youth Ltd - Youth Projects,FSD,Services to support around domestic abuse
4696,South Central Youth Ltd - Youth Projects,FSD,Support for young parents
4696,South Central Youth Ltd - Youth Projects,FSD,"Sexual abuse, exploitation and FGM"
4696,South Central Youth Ltd - Youth Projects,FSD,Early help
4696,South Central Youth Ltd - Youth Projects,FSD,Young carers
4696,South Central Youth Ltd - Youth Projects,FSD,Mentoring
4817,St Stephen's Church Of England Primary School - After School Club,ECD,Breakfast and after school clubs
4842,Kids' City At Sudbourne Primary School - After School Club,FSD,Breakfast and after school clubs
4851,Alford House Mixed Youth Club,FSD,Youth clubs
4851,Alford House Mixed Youth Club,FSD,"Music, dance and drama"
4851,Alford House Mixed Youth Club,FSD,Sports
4852,Alford House Girls Youth Club,FSD,Youth clubs
4852,Alford House Girls Youth Club,FSD,"Music, dance and drama"
4852,Alford House Girls Youth Club,FSD,Sports
4980,Morley College,FSD,Sixth forms and colleges
5067,Bigkid Foundation,FSD,Youth clubs
5067,Bigkid Foundation,FSD,Sports
5067,Bigkid Foundation,FSD,Mentoring
5114,S.Y.C.T. Streatham Wednesday Group,FSD,Youth clubs
5114,S.Y.C.T. Streatham Wednesday Group,FSD,"Music, dance and drama"
5114,S.Y.C.T. Streatham Wednesday Group,FSD,Sports
5325,Coin Street Neighbourhood Centre,FSD,Children's Centres and One O'Clock clubs
5391,Butterfly After School Club,ECD,Breakfast and after school clubs
5471,Springfield Community Flat Breakfast Club,ECD,Breakfast and after school clubs
5528,Chocolate Films Workshops,FSD,Creative Arts and Multimedia
5678,Grove Adventure Playground,FSD,Adventure play
5771,Sports City At Richard Atkins Primary School - Breakfast Club,FSD,Breakfast and after school clubs
5836,Oakden Kids Club,ECD,Breakfast and after school clubs
5869,All Sewn Up Training Project,FSD,Creative Arts and Multimedia
5975,Saturday Community Days,FSD,Parks and playgrounds
5982,Prime Childcare Services,FSD,Out of school tuition
6019,Ashmole Primary School Edc - Extended Day Care,ECD,Breakfast and after school clubs
6022,Bonneville Primary School - Reading Café,ECD,Breakfast and after school clubs
6023,Henry Cavendish Primary School -  Breakfast Club (Balham),ECD,Breakfast and after school clubs
6024,Sudbourne Primary School - Breakfast Club,ECD,Breakfast and after school clubs
6025,Heathbrook Primary School - Breakfast Club,ECD,Breakfast and after school clubs
6026,Heathbrook Primary School - After School Club,ECD,Breakfast and after school clubs
6029,Sunnyhill Primary School - Breakfast Club,ECD,Breakfast and after school clubs
6032,Kid's City At Woodmansterne Primary School - Breakfast Club,FSD,Breakfast and after school clubs
6033,Immanuel And St Andrew C Of E Primary School - After School Club,ECD,Breakfast and after school clubs
6041,Allen Edwards Primary School - Breakfast Club,ECD,Breakfast and after school clubs
6043,Crown Lane Primary School - Breakfast Club,ECD,Breakfast and after school clubs
6077,Rape Crisis South London,FSD,
6077,Rape Crisis South London,FSD,"Sexual abuse, exploitation and FGM"
6116,Upper Norwood Library,FSD,Libraries
6126,Corpus Christi Catholic Primary School - After School Club,ECD,Breakfast and after school clubs
6128,Clapham Manor Primary School - After School Club,ECD,Breakfast and after school clubs
6129,Streatham Wells Primary School - After School Club,ECD,Breakfast and after school clubs
6130,Stockwell Primary School - Breakfast Club,ECD,Breakfast and after school clubs
6132,Richard Atkins Primary School - Breakfast Club,ECD,Breakfast and after school clubs
6135,Loughborough Primary School - Holiday Provision,FSD,Childcare during the holidays
6138,Lily's Kids Klub,ECD,Breakfast and after school clubs
6139,Lily's Kids Klub,ECD,Breakfast and after school clubs
6143,Jubilee Primary School - Breakfast Club,ECD,Breakfast and after school clubs
6149,Christ Church Primary Sw9 - Breakfast Club,ECD,Breakfast and after school clubs
6151,Wyvil Primary School - Breakfast Club,ECD,Breakfast and after school clubs
6156,Wellfield Education,FSD,Out of school tuition
6197,Fenstanton Infant School - Breakfast Club,ECD,Breakfast and after school clubs
6198,Fenstanton Infant School - After School Club,ECD,Breakfast and after school clubs
6213,Cherubins Holiday Club,FSD,Childcare during the holidays
6373,Brixton Wings,FSD,"Music, dance and drama"
6580,Corpus Christi Catholic Primary School - Breakfast Club,FSD,Breakfast and after school clubs
6583,Archbishop Sumner School - Breakfast Club,ECD,Breakfast and after school clubs
6584,Jessop Primary School - Breakfast Club,ECD,Breakfast and after school clubs
6585,Jessop Primary School - After School Club,ECD,Breakfast and after school clubs
6586,Holy Trinity Church Of England Primary School - Breakfast Club,ECD,Breakfast and after school clubs
6587,Kings Avenue Primary School - Breakfast Club,ECD,Breakfast and after school clubs
6588,Kings Avenue Primary School - After School Club,ECD,Breakfast and after school clubs
6589,Kingswood Primary School - Breakfast Club,ECD,Breakfast and after school clubs
6590,Kingswood Primary School - After School Club,ECD,Breakfast and after school clubs
6591,Larkhall Children's Centre - Breakfast Club,ECD,Breakfast and after school clubs
6592,Larkhall Children's Centre - After School Club,ECD,Breakfast and after school clubs
6602,St Andrew's Roman Catholic Primary - Sunrise Breakfast Club,ECD,Breakfast and after school clubs
6603,Telferscot Primary School - Breakfast Club,ECD,Breakfast and after school clubs
6606,Henry Cavendish Primary School  - Breakfast Club (Streatham),ECD,Breakfast and after school clubs
6607,St Saviour's School - Breakfast Club,ECD,Breakfast and after school clubs
6661,Explore Learning Brixton,FSD,Specialist Resource Base
6704,Aurora House - Centre For Children With Autism,FSD,Specialist Resource Base
6704,Aurora House - Centre For Children With Autism,FSD,Primary Resource Bases
6712,Oasis Adventure Playground,FSD,Adventure play
6799,Children & Young People Services For Spanish/portuguese Speakers (5 To 19 Yrs Old),FSD,
6799,Children & Young People Services For Spanish/portuguese Speakers (5 To 19 Yrs Old),FSD,Youth clubs
6799,Children & Young People Services For Spanish/portuguese Speakers (5 To 19 Yrs Old),FSD,Learning English
6805,Afewee Training Centre,FSD,Sports
6894,The Oasis Inclusion Project,FSD,Adventure play
6961,Streatham Leisure Centre Holiday Play Scheme,FSD,Holiday activities
6962,YPM Childcare Provider at Granton,ECD,Breakfast and after school clubs
7068,Coin Street Young Leaders,FSD,Youth clubs
7075,YPM Childcare Provider at Granton,ECD,Breakfast and after school clubs
7103,Pacca Out Of School Project,FSD,Breakfast and after school clubs
7110,Pacca Out Of School Project,FSD,Childcare during the holidays
7120,Young People Matter At The Old  Laundry - After School Club,ECD,Breakfast and after school clubs
7171,Brixton Recreation Centre,FSD,Leisure Centres
7200,Spiral Skills Cic,FSD,
7200,Spiral Skills Cic,FSD,Volunteering and work experience
7200,Spiral Skills Cic,FSD,Training
7240,Brixton Recreation Centre Play Scheme,FSD,Childcare during the holidays
7242,Super Camps at Dunraven School,FSD,Holiday activities
7242,Super Camps at Dunraven School,FSD,Childcare during the holidays
7244,Walnut Tree Walk Primary School - Breakfast Club,ECD,Breakfast and after school clubs
7245,Walnut Tree Walk Primary School - After School Club,ECD,Breakfast and after school clubs
7252,Dewdrops Play Scheme/nursery - After School Club,ECD,Breakfast and after school clubs
7253,Dewdrops Play Scheme/nursery - Breakfast Club,ECD,Breakfast and after school clubs
7254,Dewdrops Play Scheme/Nursery,FSD,"Nursery (Private, voluntary and independent providers)"
7260,Fit For Sport At Paxton Primary School - Breakfast Club,ECD,Breakfast and after school clubs
7261,Fit For Sport At Paxton Primary School - After School Club,ECD,Breakfast and after school clubs
7263,Glenbrook Primary School - Breakfast Club,FSD,Breakfast and after school clubs
7264,Glenbrook Primary School - After School Club,FSD,Breakfast and after school clubs
7268,St John's (Angell Town) Church Of England P S - Breakfast Club,FSD,Breakfast and after school clubs
7272,St Andrew's Church Of England Primary School - Breakfast Club,ECD,Breakfast and after school clubs
7273,St Andrew's Church Of England Primary School - After School Club,ECD,Breakfast and after school clubs
7279,Pacca Out Of School Project,FSD,Breakfast and after school clubs
7280,Sally Kids Care,ECD,Breakfast and after school clubs
7281,Sally Kids Care,ECD,Breakfast and after school clubs
7282,Sally Kids Care,FSD,Childcare during the holidays
7286,La Retraite Rc Girls School - After School Club,FSD,Breakfast and after school clubs
7315,Alifya Education Limited,FSD,Specialist Resource Base
7327,Saint Gabriel's College - Breakfast Club,ECD,Breakfast and after school clubs
7333,South Central Youth Ltd,FSD,"Sexual abuse, exploitation and FGM"
7333,South Central Youth Ltd,FSD,Early help
7333,South Central Youth Ltd,FSD,Mentoring
7333,South Central Youth Ltd,FSD,Support for young people out of education and employment
7333,South Central Youth Ltd,FSD,Mental health and well being
7337,Kings College Hospital School,ECD,Special schools
7351,Women’s Aid (Domestic And Sexual Violence Advice & Counselling Services),FSD,Services to support around domestic abuse
7352,Papa's Park And Cafe - Open Access Playground,FSD,Parks and playgrounds
7412,Keen London,FSD,Sports
7421,Care Trade - The School House Cafe,FSD,Volunteering and work experience
7427,Oasis Nature Garden,FSD,Parks and playgrounds
7433,Coin Street Youth Night,FSD,Youth clubs
7438,Coin Street  Access Fitness - Young People 12 - 21 Year Olds,FSD,Youth clubs
7438,Coin Street  Access Fitness - Young People 12 - 21 Year Olds,FSD,Sports
7440,Coin Street Under 20's Antenatal Group,FSD,Support for young parents
7527,Fight 4 Change @ Black Prince Hub,FSD,Sports
7553,Florence Nightingale Museum,FSD,Museums
7583,Explore Learning Nine Elms,FSD,Out of school tuition
7587,Dyspraxia Foundation,FSD,Parenting support – SEND
7587,Dyspraxia Foundation,FSD,Parenting support
7588,Rainbow Trust Children's Charity,FSD,Complex health needs
7588,Rainbow Trust Children's Charity,FSD,Other specialist health needs
7589,The Communication Trust,FSD,Parenting support – SEND
7589,The Communication Trust,FSD,Parenting support
7591,The Children's Trust,FSD,Parenting support – SEND
7591,The Children's Trust,FSD,Complex health needs
7591,The Children's Trust,FSD,Other specialist health needs
7591,The Children's Trust,FSD,Parenting support
7605,YPM After-School Club At St John's Angell Town,FSD,Breakfast and after school clubs
7618,Disability Sports Club (DSC),FSD,Sports
7620,National Deaf Children Society Helpline,FSD,Parenting support – SEND
7620,National Deaf Children Society Helpline,FSD,Hearing and visual impairment
7620,National Deaf Children Society Helpline,FSD,Parenting support
7624,Kids London S.E.N.D. Mediation Service,FSD,
7624,Kids London S.E.N.D. Mediation Service,FSD,Parenting support – SEND
7624,Kids London S.E.N.D. Mediation Service,FSD,Parenting support
7624,Kids London S.E.N.D. Mediation Service,FSD,Early help
7625,Music Therapy Lambeth,ECD,
7630,Community Speech And Language Therapy,FSD,Speech and language support
7631,Community Occupational Therapy,FSD,General health needs
7632,Community Physiotherapy Service,FSD,Complex health needs
7633,Community Paediatricians,FSD,General health needs
7635,Lambeth Information And Advice Support Service (IASS) For Children And Young People,FSD,
7635,Lambeth Information And Advice Support Service (IASS) For Children And Young People,FSD,"Lambeth Information, Advice and Support (IASS)"
7650,Royal Society For Blind Children,FSD,Holiday activities
7650,Royal Society For Blind Children,FSD,Parenting support – SEND
7650,Royal Society For Blind Children,FSD,Hearing and visual impairment
7650,Royal Society For Blind Children,FSD,Parenting support
7650,Royal Society For Blind Children,FSD,Physical health
7656,Disability Register And Liberty Card,FSD,Parenting support – SEND
7656,Disability Register And Liberty Card,FSD,Support for learning disabilities
7656,Disability Register And Liberty Card,FSD,"Lambeth Information, Advice and Support (IASS)"
7658,Lambeth Information Advice And Support Service (IASS) For Parents Or Carers,FSD,
7658,Lambeth Information Advice And Support Service (IASS) For Parents Or Carers,FSD,"Lambeth Information, Advice and Support (IASS)"
7670,Health Visiting Service (North),FSD,Health Visiting Services
7671,Assistive Communication Service,FSD,Complex health needs
7672,Ambitious About Autism,FSD,Support for young parents
7672,Ambitious About Autism,FSD,Parenting support – SEND
7672,Ambitious About Autism,FSD,Parenting support
7672,Ambitious About Autism,FSD,Support for learning disabilities
7688,Lifelong Family Links,FSD,Parenting support – SEND
7688,Lifelong Family Links,FSD,Parenting support
7688,Lifelong Family Links,FSD,Support for learning disabilities
7691,Allen Edwards Speech And Language Resource Base,FSD,Specialist Resource Base
7691,Allen Edwards Speech And Language Resource Base,FSD,Primary Resource Bases
7698,Archbishop Sumner Speech And Language Resource Base,FSD,Specialist Resource Base
7698,Archbishop Sumner Speech And Language Resource Base,FSD,Primary Resource Bases
7699,Crown Lane Resource Base,FSD,Specialist Resource Base
7699,Crown Lane Resource Base,FSD,Primary Resource Bases
7700,Dunraven Slcn Resource Base,FSD,Specialist Resource Base
7700,Dunraven Slcn Resource Base,FSD,Primary Resource Bases
7700,Dunraven Slcn Resource Base,FSD,Secondary Resource Bases
7701,Jubilee Hearing Impairment Resource Base,FSD,Specialist Resource Base
7701,Jubilee Hearing Impairment Resource Base,FSD,Primary Resource Bases
7702,Lark Hall Centre For Autism,FSD,Specialist Resource Base
7702,Lark Hall Centre For Autism,FSD,Primary Resource Bases
7703,City Heights Asd Resource Base,FSD,Sixth forms and colleges
7703,City Heights Asd Resource Base,FSD,Specialist Resource Base
7703,City Heights Asd Resource Base,FSD,Secondary Resource Bases
7704,The Elmgreen School Hearing Impairment Resource Base,FSD,Specialist Resource Base
7704,The Elmgreen School Hearing Impairment Resource Base,FSD,Secondary Resource Bases
7705,London Nautical Asd Resource Base,FSD,Specialist Resource Base
7705,London Nautical Asd Resource Base,FSD,Secondary Resource Bases
7717,The Autism Project,FSD,Courses for adults
7717,The Autism Project,FSD,Finding employment
7717,The Autism Project,FSD,Courses for young adults
7717,The Autism Project,FSD,Get support working with a disability
7718,Care Trade Uk,FSD,
7718,Care Trade Uk,FSD,Get support working with a disability
7727,Kids' City At St Leonards,FSD,Breakfast and after school clubs
8832,Play And Learn Cafe,ECD,Parent and toddler groups
8855,YPM ASC At Fenstanton Primary School,FSD,Breakfast and after school clubs
8871,Leap Confronting Conflict,ECD,Services to support around domestic abuse
8871,Leap Confronting Conflict,ECD,Early help
8871,Leap Confronting Conflict,ECD,Mental health and well being
8872,Brixton People's Kitchen,FSD,Healthy eating
8923,Vauxhall City Farm - New Shoots,FSD,
8946,Royal Association Of The Deaf (RAD),ECD,
8949,Health Visiting Service (South East),FSD,Health Visiting Services
8950,Health Visiting Service (South West),FSD,Health Visiting Services
8954,Fridays @ The Old Library,FSD,Youth clubs
8989,Waterloo Community Counselling,FSD,Mental health
8989,Waterloo Community Counselling,FSD,Mental health and well being
8994,Young Minds,FSD,
8994,Young Minds,FSD,Mental health
8994,Young Minds,FSD,Mental health and well being
8995,Time To Change,ECD,Mental health
8995,Time To Change,ECD,Mental health and well being
9023,Children With Complex Needs (Community Nursing Service),FSD,Complex health needs
9024,Continuing Care For Patients With Complex Needs,FSD,Other specialist health needs
9025,School Nursing Service,FSD,General health needs
9288,"Little Bears, St Thomas'",FSD,Parent and toddler groups
9301,Fray Bambino After Care,FSD,Breakfast and after school clubs
9335,The Cochlear Implanted Children's Support Group (CICS Group),FSD,Hearing and visual impairment
9341,Hill Mead Primary School - Resource Base,FSD,Specialist Resource Base
9341,Hill Mead Primary School - Resource Base,FSD,Primary Resource Bases
9393,The Norwood School Breakfast Club,FSD,Breakfast and after school clubs
9395,St Saviour's Church Of England Primary School After School Club,FSD,Breakfast and after school clubs
9470,Tree Tops Breakfast And After School Club At Kings Avenue School London,FSD,Breakfast and after school clubs
9471,Multi-Sports Holiday Camp,FSD,Childcare during the holidays
9476,St Stephen's Church Of England Primary School - Breakfast Club,FSD,Breakfast and after school clubs
9477,St Mark's Church Of England Primary School - Breakfast Club,FSD,Breakfast and after school clubs
9480,St John The Divine C Of E Primary School - Breakfast Club,FSD,Breakfast and after school clubs
9509,Mosiac LGBT Youth Club,FSD,Youth clubs
9509,Mosiac LGBT Youth Club,FSD,Sports
9509,Mosiac LGBT Youth Club,FSD,Creative Arts and Multimedia
9514,Autism Voice,FSD,Parenting support – SEND
9514,Autism Voice,FSD,Parenting support
9538,Parent Champions,FSD,
9538,Parent Champions,FSD,Parent Champions
9568,The Gaia Centre,FSD,Services to support around domestic abuse
9569,Support For Young People At The Gaia Centre,FSD,
9569,Support For Young People At The Gaia Centre,FSD,Services to support around domestic abuse
9741,Julian Cousins Sports,FSD,Sports
9762,Brixton Wings After School & Mid-Term Music Classes,FSD,"Music, dance and drama"
9763,Brixton Wings After School & Mid-Term Rowing Programme,FSD,Sports
9764,Brixton Wings After School,FSD,
9843,Kooth,FSD,
9843,Kooth,FSD,Mental health and well being
9844,Centrepoint,FSD,
9845,Young Carers Hub,FSD,
9845,Young Carers Hub,FSD,Young carers
9846,Cruse Bereavement Care In Lambeth,FSD,
9847,South London And Maudsley - Community Camhs,FSD,Mental health and well being
9848,Safer London - Csa Wellbeing Service,FSD,
9906,Early Bird Parenting Programme Information Session - Virtual Sessions,FSD,Early Years SEND support services
9925,Tree Tops Breakfast Club At Kings Avenue School London,FSD,Breakfast and after school clubs
9934,Navigate: Emotional Support For Parents With Scope,FSD,
9934,Navigate: Emotional Support For Parents With Scope,FSD,Parenting support
9939,Group Pregnancy Care,FSD,
9940,L.E.A.P. Yoga With Claudia,FSD,
9940,L.E.A.P. Yoga With Claudia,FSD,Health and well-being
9943,Breastfeeding Peer Support,FSD,
9943,Breastfeeding Peer Support,FSD,Maternity
9944,Healthy Living Platform,FSD,
9946,Parent And Infant Relationship Service (PAIRS) Together Time,FSD,
9946,Parent And Infant Relationship Service (PAIRS) Together Time,FSD,Parenting support in the early years
9946,Parent And Infant Relationship Service (PAIRS) Together Time,FSD,Support for young parents
9946,Parent And Infant Relationship Service (PAIRS) Together Time,FSD,Parenting support
9946,Parent And Infant Relationship Service (PAIRS) Together Time,FSD,Bonding and relationships
9947,Overcrowded Housing Support Service,FSD,
9948,L.E.A.P. Virtual Chattertime (15 Months - 4 Years Old),FSD,
9948,L.E.A.P. Virtual Chattertime (15 Months - 4 Years Old),FSD,Speech and language support
9948,L.E.A.P. Virtual Chattertime (15 Months - 4 Years Old),FSD,Education
9949,Sharing  R E A L  With Parents,FSD,
9969,The Small Project - Baby Clothes Library,FSD,"Baby banks, clothes and equipment"
9974,The Small Project - Baby Clothes Library,FSD,"Baby banks, clothes and equipment"
9975,Coin Street Upgrade Yourself: Tutoring And Mentoring,FSD,Out of school tuition
9976,Coin Street Neighbourhood Centre - Stay & Play,FSD,Stay and Play one o'clock clubs
9983,Black Thrive,FSD,Mental health
9983,Black Thrive,FSD,Mental health and well being
9984,Barracudas (Streatham),FSD,"Music, dance and drama"
9984,Barracudas (Streatham),FSD,Sports
9984,Barracudas (Streatham),FSD,Childcare during the holidays
9984,Barracudas (Streatham),FSD,Creative Arts and Multimedia
9989,Whippersnappers Pre-Crawlers Baby Music Session,ECD,Parent and toddler groups
9990,S.Y.C.T. Breakfast Club,FSD,Youth clubs
9990,S.Y.C.T. Breakfast Club,FSD,Out of school tuition
9996,"Lambeth Larder Connecting People, Food & Support",FSD,Food banks
9996,"Lambeth Larder Connecting People, Food & Support",FSD,Support for young parents
9996,"Lambeth Larder Connecting People, Food & Support",FSD,Money matters (benefits and debt)
9996,"Lambeth Larder Connecting People, Food & Support",FSD,Mental health
9996,"Lambeth Larder Connecting People, Food & Support",FSD,Mental health and well being
9997,S.Y.C.T. Juniors Club,FSD,Youth clubs
9997,S.Y.C.T. Juniors Club,FSD,Holiday activities
9997,S.Y.C.T. Juniors Club,FSD,Sports
9997,S.Y.C.T. Juniors Club,FSD,Creative Arts and Multimedia
9998,S.Y.C.T. Juniors Club & Inters Club,FSD,Youth clubs
9998,S.Y.C.T. Juniors Club & Inters Club,FSD,Holiday activities
9998,S.Y.C.T. Juniors Club & Inters Club,FSD,Sports
9998,S.Y.C.T. Juniors Club & Inters Club,FSD,Creative Arts and Multimedia
9999,Community Education Foundatiion & Lyncx (CEF Lyncx) Charity,FSD,Sports
9999,Community Education Foundatiion & Lyncx (CEF Lyncx) Charity,FSD,Out of school tuition
10003,Right Track Project,FSD,Sports
10005,4all Between The Tracks Afterschool Club (8 To 12 Years Old),FSD,Youth clubs
10005,4all Between The Tracks Afterschool Club (8 To 12 Years Old),FSD,Sports
10005,4all Between The Tracks Afterschool Club (8 To 12 Years Old),FSD,Breakfast and after school clubs
10006,4all Between The Tracks + Afterschool Club (13 To 17 Years Old),FSD,Youth clubs
10007,4all,FSD,"Music, dance and drama"
10007,4all,FSD,Creative Arts and Multimedia
10008,Afewee Boxing Classes - Minnows Club (5 To 10 Yrs Old),FSD,Sports
10009,Afewee Boxing Classes - Junior Club (11 To 16 Yrs Old),FSD,Sports
10010,Afewee Academy Football Classes (5 To 10 Years Old),FSD,Sports
10011,Afewee Academy Football Classes  (10 To 16 Years Old),FSD,Sports
10013,Autism Exchange,FSD,Finding employment
10013,Autism Exchange,FSD,Volunteering and work experience
10013,Autism Exchange,FSD,Training
10013,Autism Exchange,FSD,Get support working with a disability
10017,Alford House Music Production Studio Sessions,FSD,Youth clubs
10017,Alford House Music Production Studio Sessions,FSD,Creative Arts and Multimedia
10018,Alford House Health And Fitness Studio Sessions,FSD,Youth clubs
10018,Alford House Health And Fitness Studio Sessions,FSD,Sports
10027,Employment Support At Ethelred Children's Centre,FSD,
10027,Employment Support At Ethelred Children's Centre,FSD,Finding employment
10027,Employment Support At Ethelred Children's Centre,FSD,Better Start North Lambeth
10029,Chattertime At Ethelred Children's Centre - Invite Only,FSD,Speech and language support
10029,Chattertime At Ethelred Children's Centre - Invite Only,FSD,Better Start North Lambeth
10030,Womens Advice Surgery At Stockwell Children's Centre,FSD,Money matters (benefits and debt)
10030,Womens Advice Surgery At Stockwell Children's Centre,FSD,Better Start Brixton Stockwell
10036,Spanish And Portuguese Chat And Play At Stockwell Children's Centre,FSD,Learning English
10036,Spanish And Portuguese Chat And Play At Stockwell Children's Centre,FSD,Better Start Brixton Stockwell
10038,Chattertime At Stockwell Children's Centre,FSD,Speech and language support
10038,Chattertime At Stockwell Children's Centre,FSD,Better Start Brixton Stockwell
10040,Citizens Advice At Stockwell Children's Centre,FSD,Money matters (benefits and debt)
10040,Citizens Advice At Stockwell Children's Centre,FSD,Better Start Brixton Stockwell
10041,Get Going With Sewing At Stockwell Children's Centre,FSD,Family learning
10041,Get Going With Sewing At Stockwell Children's Centre,FSD,Courses for adults
10041,Get Going With Sewing At Stockwell Children's Centre,FSD,Better Start Brixton Stockwell
10047,North Lambeth Better Start Area: Ethelred Children's Centre,FSD,Children’s Centre locations
10048,Child Health Clinic At Stockwell Children's Centre,FSD,Health Visiting Services
10048,Child Health Clinic At Stockwell Children's Centre,FSD,Better Start Brixton Stockwell
10049,North Lambeth Better Start Area: Henry Fawcett Children's Centre,FSD,Children’s Centre locations
10052,Stay And Play At Liz Atkinson Children's Centre,FSD,Stay and play
10052,Stay And Play At Liz Atkinson Children's Centre,FSD,Better Start Brixton Stockwell
10055,Toddler Story And Song Time At Stockwell Children's Centre,FSD,Stay and play
10055,Toddler Story And Song Time At Stockwell Children's Centre,FSD,Better Start Brixton Stockwell
10060,North Lambeth Better Start Area: St Stephen's Children's Centre,FSD,Children’s Centre locations
10061,Brixton Stockwell Better Start Area: Stockwell Children's Centre,FSD,Children’s Centre locations
10062,Brixton Stockwell Better Start Area: Jessop Children's Centre,FSD,Children’s Centre locations
10063,Brixton Stockwell Better Start Area: Liz Atkinson Children's Centre,FSD,Children’s Centre locations
10064,Brixton Tulse Hill Better Start Area: Loughborough Children's Centre,FSD,Children’s Centre locations
10065,Brixton Tulse Hill Better Start Area: Jubilee Children's Centre,FSD,Children’s Centre locations
10068,Brixton Tulse Hill Better Start Area: Effra At Brockwell Children's Centre,FSD,Children’s Centre locations
10069,Baby Explorers At Henry Fawcett Children's Centre,FSD,Stay and play
10069,Baby Explorers At Henry Fawcett Children's Centre,FSD,Parent and toddler groups
10069,Baby Explorers At Henry Fawcett Children's Centre,FSD,Better Start North Lambeth
10070,Norwood Better Start Area: Benton's Lane Children's Centre,FSD,Children’s Centre locations
10071,Norwood Better Start Area: Rosendale Children's Centre,FSD,Children’s Centre locations
10072,Norwood Better Start Area: Crown Lane Children's Centre,FSD,Children’s Centre locations
10074,Streatham Better Start Area: Hitherfield Children's Centre,FSD,Children’s Centre locations
10076,Streatham Better Start Area: Sunnyhill Children's Centre,FSD,Children’s Centre locations
10077,Streatham Better Start Area: Streatham Hub Children's Centre,FSD,Children’s Centre locations
10084,Clapham And Brixton Hill Better Start Area: Maytree Children's Centre,FSD,Children’s Centre locations
10085,Clapham And Brixton Hill Better Start Area - Clapham Manor Children's Centre,FSD,Children’s Centre locations
10086,Clapham And Brixton Hill Better Start Area: Tree House Children's Centre,FSD,Children’s Centre locations
10107,Baby And Me Messy Play At Loughborough Children's Centre,FSD,Stay and play
10107,Baby And Me Messy Play At Loughborough Children's Centre,FSD,Better Start Brixton Tulse Hill
10117,Small Group Stay And Play 0 To 4 Years At Streatham Hub Children's Centre,FSD,Stay and play
10117,Small Group Stay And Play 0 To 4 Years At Streatham Hub Children's Centre,FSD,Better Start Streatham
10118,Meet and Greet for New Parents and Children at Sunnyhill Children''s Centre,FSD,
10118,Meet and Greet for New Parents and Children at Sunnyhill Children''s Centre,FSD,Better Start Streatham
10119,Baby Explorers At Hitherfield Children's Centre,FSD,Stay and play
10119,Baby Explorers At Hitherfield Children's Centre,FSD,Better Start Streatham
10122,E.S.O.L. At Benton's Lane Children's Centre,FSD,Learning English
10125,Natural Thinkers At Brockwell One O'Clock Club,FSD,Stay and play
10125,Natural Thinkers At Brockwell One O'Clock Club,FSD,Better Start Brixton Tulse Hill
10130,Toddler Time At Clapham Manor Children's Centre,FSD,Stay and play
10130,Toddler Time At Clapham Manor Children's Centre,FSD,Better Start Clapham Brixton Hill
10132,Messy Play Small Group At Tree House Children's Centre,FSD,Stay and play
10133,Muslim Women's Group At Brockwell One O'Clock Club,FSD,Stay and play
10133,Muslim Women's Group At Brockwell One O'Clock Club,FSD,Better Start Brixton Tulse Hill
10135,Stay And Play At Clapham Manor Children's Centre,FSD,Stay and play
10135,Stay And Play At Clapham Manor Children's Centre,FSD,Better Start Clapham Brixton Hill
10138,Stay And Play At Tree House Children's Centre,FSD,Stay and play
10138,Stay And Play At Tree House Children's Centre,FSD,Better Start Clapham Brixton Hill
10139,Young Parents Group At Loughborough Children's Centre,FSD,Support for young parents
10139,Young Parents Group At Loughborough Children's Centre,FSD,Better Start Brixton Tulse Hill
10141,Introduction To Solid Foods At Clapham Manor Children's Centre,FSD,Healthy eating
10142,Rising Stars Stay And Play At Jubilee Children's Centre,FSD,Stay and play
10142,Rising Stars Stay And Play At Jubilee Children's Centre,FSD,Better Start Brixton Tulse Hill
10149,Creative Arts And Wellbeing Course  At Treehouse Children's Centre,FSD,
10149,Creative Arts And Wellbeing Course  At Treehouse Children's Centre,FSD,Family learning
10149,Creative Arts And Wellbeing Course  At Treehouse Children's Centre,FSD,Courses for adults
10150,Baby Explorers At Clapham Manor Children's Centre,FSD,Stay and play
10150,Baby Explorers At Clapham Manor Children's Centre,FSD,Better Start Clapham Brixton Hill
10152,Sensory Room Experience @ Clapham Manor Children's Centre,FSD,Stay and play
10152,Sensory Room Experience @ Clapham Manor Children's Centre,FSD,Better Start Clapham Brixton Hill
10155,E.S.O.L. At Clapham Manor Children's Centre,FSD,Learning English
10155,E.S.O.L. At Clapham Manor Children's Centre,FSD,Better Start Clapham Brixton Hill
10158,Employment Support At Maytree Children's Centre,FSD,Finding employment
10158,Employment Support At Maytree Children's Centre,FSD,Better Start Clapham Brixton Hill
10164,Hand Sewing Embroidery Class At Loughborough Children's Centre,FSD,Family learning
10164,Hand Sewing Embroidery Class At Loughborough Children's Centre,FSD,Courses for adults
10164,Hand Sewing Embroidery Class At Loughborough Children's Centre,FSD,Better Start Brixton Tulse Hill
10171,Lambeth Talking Therapies At Tree House Children's Centre,FSD,Speech and language support
10171,Lambeth Talking Therapies At Tree House Children's Centre,FSD,Better Start Clapham Brixton Hill
10174,Chattertime At Maytree Children's Centre,FSD,Speech and language support
10174,Chattertime At Maytree Children's Centre,FSD,Better Start Clapham Brixton Hill
10187,Baby Massage At Sunnyhill Children's Centre,FSD,
10187,Baby Massage At Sunnyhill Children's Centre,FSD,Family learning
10187,Baby Massage At Sunnyhill Children's Centre,FSD,Courses for adults
10187,Baby Massage At Sunnyhill Children's Centre,FSD,Better Start Streatham
10193,E.S.O.L. At Loughborough Children's Centre,FSD,Learning English
10193,E.S.O.L. At Loughborough Children's Centre,FSD,Better Start Brixton Tulse Hill
10195,Wriggle And Rhyme At Tree House Children's Centre,FSD,Stay and play
10195,Wriggle And Rhyme At Tree House Children's Centre,FSD,Better Start Clapham Brixton Hill
10232,Inclusive Swimming Lessons At Clapham Leisure Centre 2 To 6 Yrs Old And 7+,FSD,Sports
10232,Inclusive Swimming Lessons At Clapham Leisure Centre 2 To 6 Yrs Old And 7+,FSD,Better Start Clapham Brixton Hill
10237,Martial Arts And Youth Mentoring - Warrior Mindset Programme,FSD,Sports
10237,Martial Arts And Youth Mentoring - Warrior Mindset Programme,FSD,Mentoring
10237,Martial Arts And Youth Mentoring - Warrior Mindset Programme,FSD,Support for young people out of education and employment
10237,Martial Arts And Youth Mentoring - Warrior Mindset Programme,FSD,Mental health and well being
10238,Martial Arts And Youth Mentoring - Peaceful Warrior Programme',FSD,Sports
10238,Martial Arts And Youth Mentoring - Peaceful Warrior Programme',FSD,Mentoring
10238,Martial Arts And Youth Mentoring - Peaceful Warrior Programme',FSD,Support for young people out of education and employment
10238,Martial Arts And Youth Mentoring - Peaceful Warrior Programme',FSD,Mental health and well being
10239,Inspirational Youth,FSD,Parenting teenagers
10239,Inspirational Youth,FSD,Parenting support
10239,Inspirational Youth,FSD,Support for young people out of education and employment
10244,Lambeth Autism Advisory Service,FSD,
10244,Lambeth Autism Advisory Service,FSD,Parenting support – SEND
10244,Lambeth Autism Advisory Service,FSD,"Lambeth Information, Advice and Support (IASS)"
10247,Tulse Hill Adventure Playground Youth And Play Session,FSD,Adventure play
10247,Tulse Hill Adventure Playground Youth And Play Session,FSD,Breakfast and after school clubs
10249,Tulse Hill Bloco After School Club,FSD,"Music, dance and drama"
10249,Tulse Hill Bloco After School Club,FSD,Breakfast and after school clubs
10269,Dream BiG Football Elite Programme,FSD,Sports
10287,Girls Only Kicks,FSD,Sports
10289,L.E.A.P. Virtual Baby Chattertime (0-15 Months Old),FSD,Speech and language support
10289,L.E.A.P. Virtual Baby Chattertime (0-15 Months Old),FSD,General health needs
10289,L.E.A.P. Virtual Baby Chattertime (0-15 Months Old),FSD,Education
10293,Centre 70,FSD,Money matters (benefits and debt)
10293,Centre 70,FSD,Complex health needs
10293,Centre 70,FSD,Mental health
10293,Centre 70,FSD,Mental health and well being
10293,Centre 70,FSD,"Lambeth Information, Advice and Support (IASS)"
10310,Lambeth Autism Group Parent And Carers Coffee Morning,FSD,
10310,Lambeth Autism Group Parent And Carers Coffee Morning,FSD,Parenting support – SEND
10310,Lambeth Autism Group Parent And Carers Coffee Morning,FSD,Parenting support
10311,National Deaf Children Society Grants,FSD,Parenting support – SEND
10311,National Deaf Children Society Grants,FSD,Hearing and visual impairment
10311,National Deaf Children Society Grants,FSD,Parenting support
10314,Kids,FSD,Parenting support – SEND
10314,Kids,FSD,Parenting support
10322,Baby Singalong At Maytree Children's Centre,FSD,Stay and play
10322,Baby Singalong At Maytree Children's Centre,FSD,Better Start Clapham Brixton Hill
10327,Lambeth Tigers,FSD,Youth clubs
10327,Lambeth Tigers,FSD,Sports
10330,Lifelong Family Links After School Club,FSD,"Music, dance and drama"
10330,Lifelong Family Links After School Club,FSD,Sports
10330,Lifelong Family Links After School Club,FSD,Creative Arts and Multimedia
10331,Lifelong Family Links Weekend Club,FSD,"Music, dance and drama"
10331,Lifelong Family Links Weekend Club,FSD,Sports
10331,Lifelong Family Links Weekend Club,FSD,Creative Arts and Multimedia
10332,Lifelong Family Links Lifeskills And Employability Training,FSD,
10332,Lifelong Family Links Lifeskills And Employability Training,FSD,Courses for young adults
10332,Lifelong Family Links Lifeskills And Employability Training,FSD,Get support working with a disability
10333,Sunnyhill Primary School - After School Club,FSD,Breakfast and after school clubs
10338,Being A Parent,FSD,Parenting support
10338,Being A Parent,FSD,Bonding and relationships
10339,"Strengthening Families, Strengthening Communities (SFSC)",FSD,Parenting support
10340,Circle Of Security Parenting,FSD,Parenting support
10340,Circle Of Security Parenting,FSD,Bonding and relationships
10341,Building Relationships For Stronger Families,FSD,Parenting support
10342,Baby Steps,FSD,General health needs
10342,Baby Steps,FSD,Parenting support
10342,Baby Steps,FSD,Maternity
10343,Brook - Healthy Lives For Young People,FSD,General health needs
10343,Brook - Healthy Lives For Young People,FSD,Sexual health
10344,Lambeth College - Brixton Centre,FSD,Sixth forms and colleges
10345,Lambeth College - Clapham Centre,FSD,Sixth forms and colleges
10359,"Domestic Abuse, Violence Against Women And Girls",FSD,Services to support around domestic abuse
10364,Speech And Language Therapy,FSD,
10379,Lambeth Young Carers Service & Adult Carers Service,FSD,
10396,M.I.N.D.,FSD,Mental health
10396,M.I.N.D.,FSD,Mental health and well being
10397,Lambeth Larder Emergency Food Support,FSD,Food banks
10403,Youth Employment Uk Free Skills & Careers Activities,FSD,Volunteering and work experience
10403,Youth Employment Uk Free Skills & Careers Activities,FSD,Training
10440,The Dream Project,FSD,Young carers
10440,The Dream Project,FSD,Mentoring
10440,The Dream Project,FSD,Mental health and well being
10444,C.E.F. Lyncx Virtual Support,FSD,Out of school tuition
10481,S.L.A.M.- 24hr Mental Health Crisis Line,FSD,
10481,S.L.A.M.- 24hr Mental Health Crisis Line,FSD,Mental health
10481,S.L.A.M.- 24hr Mental Health Crisis Line,FSD,Mental health and well being
10496,Chathealth,FSD,
10496,Chathealth,FSD,School Nursing
10496,Chathealth,FSD,School nursing services
10497,Parentline,FSD,
10505,Little Village,FSD,"Baby banks, clothes and equipment"
10539,BASE Dance Studios,FSD,"Music, dance and drama"
10553,Cool It Art Online,FSD,Holiday activities
10553,Cool It Art Online,FSD,Creative Arts and Multimedia
10564,South London Botanical Institute,FSD,Museums
10564,South London Botanical Institute,FSD,Parks and playgrounds
10567,Lerato Community Initiative,FSD,Youth clubs
10567,Lerato Community Initiative,FSD,Mentoring
10572,Brook Young People - Come Correct,FSD,Sexual health
10577,The H.E.B.E Foundation,FSD,Youth clubs
10577,The H.E.B.E Foundation,FSD,Holiday activities
10577,The H.E.B.E Foundation,FSD,Sports
10577,The H.E.B.E Foundation,FSD,Creative Arts and Multimedia
10594,Clapham Film Unit - Animate At Home,FSD,Holiday activities
10595,Lambeth Made,FSD,Youth clubs
10595,Lambeth Made,FSD,Sports
10595,Lambeth Made,FSD,Volunteering and work experience
10602,Dash - Young People's Sexual Health And Substance Use Service,FSD,Holiday activities
10602,Dash - Young People's Sexual Health And Substance Use Service,FSD,Sexual health
10602,Dash - Young People's Sexual Health And Substance Use Service,FSD,Substance misuse
10602,Dash - Young People's Sexual Health And Substance Use Service,FSD,Mentoring
10610,Vauxhall Leisure Centre,FSD,Leisure Centres
10611,West Norwood Health And Leisure Centre,FSD,Leisure Centres
10638,Kennington Park Community Centre,FSD,
10638,Kennington Park Community Centre,FSD,Holiday activities
10638,Kennington Park Community Centre,FSD,Sports
10639,Agnes Riley Gardens,FSD,Parks and playgrounds
10640,Brockwell Park,FSD,Parks and playgrounds
10642,Serious About Tennis,FSD,Holiday activities
10642,Serious About Tennis,FSD,Sports
10643,Cleaver Square,FSD,Parks and playgrounds
10644,Grafton Square,FSD,Parks and playgrounds
10645,Hillside Gardens Park,FSD,Parks and playgrounds
10646,Kennington Park,FSD,Parks and playgrounds
10647,Larkhall Park,FSD,Parks and playgrounds
10648,Loughborough Park,FSD,Parks and playgrounds
10649,Max Roach Park,FSD,Parks and playgrounds
10650,Milkwood Community Park,FSD,Parks and playgrounds
10651,"Mostyn, Olive Morris And Dan Leno Gardens",FSD,Parks and playgrounds
10652,Myatt's Fields Park,FSD,Parks and playgrounds
10653,Norwood Park,FSD,Parks and playgrounds
10655,Redevelopment Of Archbishops Park Sports Facilities,FSD,Parks and playgrounds
10656,Rush Common,FSD,Parks and playgrounds
10657,Ruskin Park,FSD,Parks and playgrounds
10658,St Mary's Gardens,FSD,Parks and playgrounds
10660,St Paul's Churchyard - Eden At St Paul's,FSD,Parks and playgrounds
10662,Streatham Common,FSD,Parks and playgrounds
10663,Streatham Common,FSD,Parks and playgrounds
10664,Streatham Vale Park,FSD,Parks and playgrounds
10665,The Rookery,FSD,Parks and playgrounds
10666,Van Gogh Walk,FSD,Parks and playgrounds
10667,Vauxhall Park,FSD,Parks and playgrounds
10667,Vauxhall Park,FSD,Out of school tuition
10668,Vauxhall Pleasure Gardens,FSD,Parks and playgrounds
10670,Pro Touch S.A. Academy Of Excellence,FSD,Holiday activities
10670,Pro Touch S.A. Academy Of Excellence,FSD,Sports
10672,Baytree Youth Service,FSD,Youth clubs
10672,Baytree Youth Service,FSD,Learning English
10672,Baytree Youth Service,FSD,Courses for young adults
10672,Baytree Youth Service,FSD,Creative Arts and Multimedia
10689,Baby Sensory Play At Stockwell Children's Centre,FSD,Stay and play
10689,Baby Sensory Play At Stockwell Children's Centre,FSD,Better Start Brixton Stockwell
10693,Chat And Play With A Better Start Worker At Sunnyhill Children's Centre,FSD,Stay and play
10693,Chat And Play With A Better Start Worker At Sunnyhill Children's Centre,FSD,Better Start Streatham
10708,Wheels For Well Being S.E.N.D Sunday Cycling Sessions,FSD,Sports
10709,Disability Sports Coach,FSD,Holiday activities
10709,Disability Sports Coach,FSD,Sports
10726,"The Rose Arts London - Dance, Drama School And Talent Agency",FSD,"Music, dance and drama"
10726,"The Rose Arts London - Dance, Drama School And Talent Agency",FSD,Theatre and Performing Arts
10746,Norwood Park Stay And Play One O'Clock Club,FSD,Stay and Play one o'clock clubs
10747,Mud Club at The Spinney,FSD,Stay and play
10747,Mud Club at The Spinney,FSD,Parent and toddler groups
10747,Mud Club at The Spinney,FSD,Stay and Play one o'clock clubs
10753,C.E.F. Lyncx - Creative Step (Creative Saturday The Extra Project),FSD,"Music, dance and drama"
10753,C.E.F. Lyncx - Creative Step (Creative Saturday The Extra Project),FSD,Volunteering and work experience
10753,C.E.F. Lyncx - Creative Step (Creative Saturday The Extra Project),FSD,Creative Arts and Multimedia
10759,Messy Play At Clapham Manor Children's Centre,FSD,Stay and play
10759,Messy Play At Clapham Manor Children's Centre,FSD,Better Start Clapham Brixton Hill
10759,Messy Play At Clapham Manor Children's Centre,FSD,Stay and Play one o'clock clubs
10792,Women's Group At Tree House Children's Centre,FSD,Family learning
10792,Women's Group At Tree House Children's Centre,FSD,Courses for adults
10792,Women's Group At Tree House Children's Centre,FSD,Better Start Clapham Brixton Hill
10794,Baby And Us,FSD,Parenting support
10795,Living With Teenagers,FSD,Courses for adults
10795,Living With Teenagers,FSD,Parenting support
10796,"Intro To Strenghtening Families, Strengthening Communities",FSD,Courses for adults
10796,"Intro To Strenghtening Families, Strengthening Communities",FSD,Parenting support
10796,"Intro To Strenghtening Families, Strengthening Communities",FSD,Early help
10797,Henry Healthy Families Programme,FSD,Courses for adults
10797,Henry Healthy Families Programme,FSD,Parenting support
10797,Henry Healthy Families Programme,FSD,Early help
10809,Lambeth Parent Forum,FSD,
10809,Lambeth Parent Forum,FSD,Parenting support – SEND
10809,Lambeth Parent Forum,FSD,"Lambeth Information, Advice and Support (IASS)"
10811,Springfield Community Flat Youth Club,FSD,
10811,Springfield Community Flat Youth Club,FSD,Youth clubs
10814,St Helens Catholic School Breakfast Club,FSD,Breakfast and after school clubs
10823,Escalate Football Development Programme (5 - 11 Years Old),FSD,Sports
10827,"Lambeth Noise, Nuisance, Anti Social Behaviour And Safety - Vawg",FSD,Services to support around domestic abuse
10832,Small Project Baby Clothes Library @ Oasis Hub Waterloo,FSD,Parenting support
10834,Oasis Hub Waterloo - Playspace,FSD,Holiday activities
10834,Oasis Hub Waterloo - Playspace,FSD,Money matters (benefits and debt)
10834,Oasis Hub Waterloo - Playspace,FSD,Breakfast and after school clubs
10834,Oasis Hub Waterloo - Playspace,FSD,Childcare during the holidays
10836,Waterloo Food Bank,FSD,Food banks
10839,Scope's Disability Energy Support,FSD,
10839,Scope's Disability Energy Support,FSD,Money matters (benefits and debt)
10844,L.E.A.P. Baby And Us (Empowering Parents Empowering Communities) With Leap,FSD,
10844,L.E.A.P. Baby And Us (Empowering Parents Empowering Communities) With Leap,FSD,Parenting support in the early years
10844,L.E.A.P. Baby And Us (Empowering Parents Empowering Communities) With Leap,FSD,Parenting support
10844,L.E.A.P. Baby And Us (Empowering Parents Empowering Communities) With Leap,FSD,Bonding and relationships
10845,L.E.A.P. Portion Sizes Workshop,FSD,Healthy eating
10845,L.E.A.P. Portion Sizes Workshop,FSD,Health and well-being
10846,L.E.A.P. Eat Well For Less,FSD,Healthy eating
10846,L.E.A.P. Eat Well For Less,FSD,Health and well-being
10850,L.E.A.P. Snuggle With Us Story Session,FSD,Parent and toddler groups
10850,L.E.A.P. Snuggle With Us Story Session,FSD,Bonding and relationships
10851,L.E.A.P. Tips For Tired Parents,FSD,Family support
10851,L.E.A.P. Tips For Tired Parents,FSD,Parenting support in the early years
10851,L.E.A.P. Tips For Tired Parents,FSD,Parenting support
10851,L.E.A.P. Tips For Tired Parents,FSD,Bonding and relationships
10854,L.E.A.P. Little Wanderers - Delivered In Partnership With St. Stephen's Children's Centre,FSD,Parent and toddler groups
10854,L.E.A.P. Little Wanderers - Delivered In Partnership With St. Stephen's Children's Centre,FSD,Bonding and relationships
10854,L.E.A.P. Little Wanderers - Delivered In Partnership With St. Stephen's Children's Centre,FSD,Stay and Play one o'clock clubs
10864,L.E.A.P. Share A Story & Rhyme Time,FSD,Family support
10864,L.E.A.P. Share A Story & Rhyme Time,FSD,Parent and toddler groups
10864,L.E.A.P. Share A Story & Rhyme Time,FSD,Bonding and relationships
10866,Parent And Infant Relationship Service (PAIRS) One-To-One,FSD,
10866,Parent And Infant Relationship Service (PAIRS) One-To-One,FSD,Parenting support in the early years
10866,Parent And Infant Relationship Service (PAIRS) One-To-One,FSD,Support for young parents
10866,Parent And Infant Relationship Service (PAIRS) One-To-One,FSD,Parenting support
10866,Parent And Infant Relationship Service (PAIRS) One-To-One,FSD,Bonding and relationships
10867,L.E.A.P. Safer Families: Enhanced Caseworkers,FSD,Services to support around domestic abuse
10867,L.E.A.P. Safer Families: Enhanced Caseworkers,FSD,Health and well-being
10868,L.E.A.P. Pregnancy Information For Nutrition And Exercise (P.I.N.E.),FSD,Healthy eating
10868,L.E.A.P. Pregnancy Information For Nutrition And Exercise (P.I.N.E.),FSD,Maternity
10869,L.E.A.P. Family Nutrition (HENRY),FSD,
10869,L.E.A.P. Family Nutrition (HENRY),FSD,Healthy eating
10869,L.E.A.P. Family Nutrition (HENRY),FSD,Health and well-being
10870,L.E.A.P. Being A Parent (Empowering Parents Empowering Communities),FSD,
10870,L.E.A.P. Being A Parent (Empowering Parents Empowering Communities),FSD,Parenting support in the early years
10870,L.E.A.P. Being A Parent (Empowering Parents Empowering Communities),FSD,Support for young parents
10870,L.E.A.P. Being A Parent (Empowering Parents Empowering Communities),FSD,Parenting support for primary school children
10870,L.E.A.P. Being A Parent (Empowering Parents Empowering Communities),FSD,Parenting support
10870,L.E.A.P. Being A Parent (Empowering Parents Empowering Communities),FSD,Bonding and relationships
10872,L.E.A.P. Supporting Babies' Next Steps,FSD,
10872,L.E.A.P. Supporting Babies' Next Steps,FSD,Speech and language support
10872,L.E.A.P. Supporting Babies' Next Steps,FSD,Parenting support in the early years
10872,L.E.A.P. Supporting Babies' Next Steps,FSD,Support for young parents
10872,L.E.A.P. Supporting Babies' Next Steps,FSD,Parenting support
10872,L.E.A.P. Supporting Babies' Next Steps,FSD,Education
10874,The Weir Link,FSD,
10875,The Weir Link - After School Homework Club,FSD,
10878,Making It Real @  Agnes Riley,FSD,
10878,Making It Real @  Agnes Riley,FSD,Family learning
10878,Making It Real @  Agnes Riley,FSD,Courses for adults
10881,Wellness Course For Women At  Agnes Riley One O'Clock Club,FSD,Family learning
10881,Wellness Course For Women At  Agnes Riley One O'Clock Club,FSD,Courses for adults
10881,Wellness Course For Women At  Agnes Riley One O'Clock Club,FSD,Better Start Clapham Brixton Hill
10887,L.E.A.P. Lambeth Pregnancy And Baby Festival,FSD,
10887,L.E.A.P. Lambeth Pregnancy And Baby Festival,FSD,Stay and play
10887,L.E.A.P. Lambeth Pregnancy And Baby Festival,FSD,Healthy eating
10887,L.E.A.P. Lambeth Pregnancy And Baby Festival,FSD,Support for young parents
10887,L.E.A.P. Lambeth Pregnancy And Baby Festival,FSD,Parenting support
10887,L.E.A.P. Lambeth Pregnancy And Baby Festival,FSD,Bonding and relationships
10887,L.E.A.P. Lambeth Pregnancy And Baby Festival,FSD,Education
10889,L.E.A.P. Women's Advice Surgeries,FSD,Services to support around domestic abuse
10889,L.E.A.P. Women's Advice Surgeries,FSD,Money matters (benefits and debt)
10890,Snuggle Time Story Session,FSD,Stay and play
10890,Snuggle Time Story Session,FSD,Parent and toddler groups
10890,Snuggle Time Story Session,FSD,Stay and Play one o'clock clubs
10898,Virtual Breastfeeding Support Group,FSD,Breastfeeding support services
10898,Virtual Breastfeeding Support Group,FSD,Better Start Brixton Tulse Hill
10900,Stay And Play At Loughborough Children's Centre,FSD,
10900,Stay And Play At Loughborough Children's Centre,FSD,Stay and play
10900,Stay And Play At Loughborough Children's Centre,FSD,Parent and toddler groups
10904,Rose Vouchers At Jubilee Children's Centre,FSD,Healthy eating
10904,Rose Vouchers At Jubilee Children's Centre,FSD,Better Start Brixton Tulse Hill
10910,Small Group Chatterbox  At Loughborough Children's Centre,FSD,
10910,Small Group Chatterbox  At Loughborough Children's Centre,FSD,Stay and play
10910,Small Group Chatterbox  At Loughborough Children's Centre,FSD,Speech and language support
10911,Online Chattertime With Evelina London S.L.T.,FSD,Speech and language support
10911,Online Chattertime With Evelina London S.L.T.,FSD,Better Start Brixton Tulse Hill
10912,Co-Parenting For Young Parents With St Michaels Fellowship,FSD,Support for young parents
10913,Sewing Class At Jubilee Children's Centre,FSD,Family learning
10913,Sewing Class At Jubilee Children's Centre,FSD,Courses for adults
10915,Sing And Read With Me,FSD,Stay and play
10916,Rose Vouchers At Loughborough Children's Centre,FSD,Healthy eating
10920,Lambeth Youth Council - The Advocate Voice For Young People In Lambeth,FSD,Youth clubs
10920,Lambeth Youth Council - The Advocate Voice For Young People In Lambeth,FSD,Volunteering and work experience
10922,Small Group Baby Explorers 0 To 18 Months At Benton's Lane Children's Centre,FSD,Stay and play
10922,Small Group Baby Explorers 0 To 18 Months At Benton's Lane Children's Centre,FSD,Better Start Streatham
10923,Small Group Stay And Play 0 To 4 Years At Benton's Lane Children's Centre,FSD,Stay and play
10923,Small Group Stay And Play 0 To 4 Years At Benton's Lane Children's Centre,FSD,Better Start Streatham
10924,Employment And Training Support  At Benton's Lane Children's Centre,FSD,Finding employment
10924,Employment And Training Support  At Benton's Lane Children's Centre,FSD,Better Start Streatham
10926,Keeping It Real At Benton's Lane Children's Centre,FSD,Family learning
10926,Keeping It Real At Benton's Lane Children's Centre,FSD,Courses for adults
10926,Keeping It Real At Benton's Lane Children's Centre,FSD,Better Start Streatham
10927,Messy Play At Benton's Lane Children's Centre,FSD,Stay and play
10927,Messy Play At Benton's Lane Children's Centre,FSD,Better Start Streatham
10929,Stay And Play At Sunnyhill Children's Centre,FSD,Stay and play
10929,Stay And Play At Sunnyhill Children's Centre,FSD,Better Start Streatham
10930,Making It Real @ Benton's Lane,FSD,Speech and language support
10930,Making It Real @ Benton's Lane,FSD,Better Start Streatham
10932,Chat And Play With A Better Start Worker At Benton's Lane Children's Centre,FSD,Parenting support
10932,Chat And Play With A Better Start Worker At Benton's Lane Children's Centre,FSD,Better Start Streatham
10934,Natural Thinkers At Hillside Gardens One O'Clock Club,FSD,Stay and play
10934,Natural Thinkers At Hillside Gardens One O'Clock Club,FSD,Better Start Streatham
10938,Making It Real At Hitherfield Children's Centre,FSD,Family learning
10938,Making It Real At Hitherfield Children's Centre,FSD,Courses for adults
10938,Making It Real At Hitherfield Children's Centre,FSD,Better Start Streatham
10944,Chat And Play With A Better Start Worker At Streatham Hub Children's Centre,FSD,
10944,Chat And Play With A Better Start Worker At Streatham Hub Children's Centre,FSD,Family learning
10947,Move And Groove At Sunnyhill Children's Centre,FSD,Stay and play
10947,Move And Groove At Sunnyhill Children's Centre,FSD,Better Start Streatham
10948,Small Group Baby Explorers 0 To18 Months At Sunnyhill Children's Centre,FSD,Stay and play
10948,Small Group Baby Explorers 0 To18 Months At Sunnyhill Children's Centre,FSD,Better Start Streatham
10952,Chattertime At Sunnyhill Children's Centre,FSD,Speech and language support
10952,Chattertime At Sunnyhill Children's Centre,FSD,Better Start Streatham
10957,Small Group Stay And Play 0 To 4 Years At Hitherfield Children's Centre,FSD,Stay and play
10957,Small Group Stay And Play 0 To 4 Years At Hitherfield Children's Centre,FSD,Better Start Streatham
10958,Small Group A.S.D. Stay And Play At Hillside Gardens One O'Clock Club,FSD,Stay and play
10958,Small Group A.S.D. Stay And Play At Hillside Gardens One O'Clock Club,FSD,Better Start Clapham Brixton Hill
10963,Stay And Play At Jessop Children's Centre,FSD,Stay and play
10963,Stay And Play At Jessop Children's Centre,FSD,Better Start Brixton Stockwell
10964,Chat And Play At Liz Atkinson Children's Centre,FSD,Stay and play
10965,L.E.A.P. Snuggle Time Story Session,FSD,
10965,L.E.A.P. Snuggle Time Story Session,FSD,Bonding and relationships
10966,South London Warehouse (Clapham Park Foodbank),FSD,Food banks
10967,Vauxhall Foodbank,FSD,Food banks
10968,Norwood & Brixton Foodbank,FSD,Food banks
10969,Fulham Girls Kicks Streatham Vale,FSD,Sports
10970,Fulham Girls Kicks Elmgreen School,FSD,Sports
10971,Fulham Girls Kicks Marcus Lipton,FSD,Youth clubs
10971,Fulham Girls Kicks Marcus Lipton,FSD,Sports
10984,Dream BiG Storytelling & Music Creation Workshop,FSD,"Music, dance and drama"
10984,Dream BiG Storytelling & Music Creation Workshop,FSD,Creative Arts and Multimedia
10995,Exceed Reading Stars,FSD,Out of school tuition
11010,Swimbies,FSD,Sports
11080,Baby Explorers 0 To 8 Months At Ethelred Children's Centre,FSD,Stay and play
11080,Baby Explorers 0 To 8 Months At Ethelred Children's Centre,FSD,Parent and toddler groups
11080,Baby Explorers 0 To 8 Months At Ethelred Children's Centre,FSD,Better Start North Lambeth
11084,Natural Thinkers At Ethelred Children's Centre,FSD,Stay and play
11084,Natural Thinkers At Ethelred Children's Centre,FSD,Better Start North Lambeth
11092,Stay And Play At Stockwell Children's Centre,FSD,Stay and play
11092,Stay And Play At Stockwell Children's Centre,FSD,Better Start Brixton Stockwell
11103,Jigsaw Contact Service,FSD,Support for young parents
11103,Jigsaw Contact Service,FSD,Family Contact Centres
11110,Swan Family Centre Lambeth,FSD,Family Contact Centres
11111,Aim High Dance Academy,FSD,"Music, dance and drama"
11111,Aim High Dance Academy,FSD,Sports
11120,Play Out! 18 Months To 4 Years At Hitherfield Children's Centre,FSD,Stay and play
11120,Play Out! 18 Months To 4 Years At Hitherfield Children's Centre,FSD,Better Start Streatham
11121,Get Going With Sewing At Benton's Lane Children's Centre,FSD,Family learning
11121,Get Going With Sewing At Benton's Lane Children's Centre,FSD,Courses for adults
11121,Get Going With Sewing At Benton's Lane Children's Centre,FSD,Better Start Streatham
11122,Baby Explorers At Streatham Hub Children's Centre,FSD,Stay and play
11122,Baby Explorers At Streatham Hub Children's Centre,FSD,Better Start Streatham
11123,Play Out! 18 Months To 4 Years At Hillside One O'Clock Club,FSD,Stay and play
11123,Play Out! 18 Months To 4 Years At Hillside One O'Clock Club,FSD,Parent and toddler groups
11123,Play Out! 18 Months To 4 Years At Hillside One O'Clock Club,FSD,Better Start Streatham
11125,Baby Massage 0 To 6 Months  At Benton's Lane Children's Centre,FSD,
11125,Baby Massage 0 To 6 Months  At Benton's Lane Children's Centre,FSD,Family learning
11125,Baby Massage 0 To 6 Months  At Benton's Lane Children's Centre,FSD,Better Start Streatham
11135,Health Visitors Development Reviews At Ethelred Children's Centre,FSD,Health Visiting Services
11135,Health Visitors Development Reviews At Ethelred Children's Centre,FSD,Better Start North Lambeth
11143,Kids' City At Reay Primary School - Breakfast Club,FSD,Breakfast and after school clubs
11148,Making It Real At Ethelred Children's Centre,FSD,Family learning
11148,Making It Real At Ethelred Children's Centre,FSD,Courses for adults
11148,Making It Real At Ethelred Children's Centre,FSD,Children's Centres and One O'Clock clubs
11148,Making It Real At Ethelred Children's Centre,FSD,Better Start North Lambeth
11149,S.E.N.D. 1:1 Sessions (By Invite Only) At Ethelred Children's Centre,FSD,
11149,S.E.N.D. 1:1 Sessions (By Invite Only) At Ethelred Children's Centre,FSD,Better Start North Lambeth
11153,Toddlers Explorers - 9 Months And Over At Ethelred Children's Centre,FSD,Stay and play
11153,Toddlers Explorers - 9 Months And Over At Ethelred Children's Centre,FSD,Better Start North Lambeth
11162,Cook Up With St Michaels At Henry Fawcett Children's Centre,FSD,Healthy eating
11162,Cook Up With St Michaels At Henry Fawcett Children's Centre,FSD,Better Start North Lambeth
11167,Chattertime At Benton's Lane Children's Centre,FSD,Stay and play
11167,Chattertime At Benton's Lane Children's Centre,FSD,Speech and language support
11167,Chattertime At Benton's Lane Children's Centre,FSD,Better Start Streatham
11168,Childminders And Professional Carers' Group Benton's Lane Children's Centre,FSD,Stay and play
11168,Childminders And Professional Carers' Group Benton's Lane Children's Centre,FSD,Better Start Streatham
11171,Natural Thinkers Family Fun At Liz Atkinson Children's Centre,FSD,Stay and play
11171,Natural Thinkers Family Fun At Liz Atkinson Children's Centre,FSD,Better Start Brixton Stockwell
11183,Breastfeeding Support Group At Jubilee Children's Centre,FSD,Health Visiting Services
11183,Breastfeeding Support Group At Jubilee Children's Centre,FSD,Better Start Brixton Tulse Hill
11190,Women's Advice Surgery At Liz Atkinson Children's Centre,FSD,
11190,Women's Advice Surgery At Liz Atkinson Children's Centre,FSD,Money matters (benefits and debt)
11190,Women's Advice Surgery At Liz Atkinson Children's Centre,FSD,Better Start Brixton Stockwell
11191,Leap - Chattertime At Tree House Children's Centre,FSD,Speech and language support
11191,Leap - Chattertime At Tree House Children's Centre,FSD,Better Start Clapham Brixton Hill
11193,Citizen's Advice At Maytree Children's Centre,FSD,Money matters (benefits and debt)
11193,Citizen's Advice At Maytree Children's Centre,FSD,Better Start Clapham Brixton Hill
11199,Kids' City At Reay Primary School – After School Club,FSD,Breakfast and after school clubs
11202,Vanguard School,FSD,Special schools
11202,Vanguard School,FSD,16 - 19 Specialist Provision
11221,Dream BiG Employment Hub,FSD,
11221,Dream BiG Employment Hub,FSD,Courses for young adults
11278,Baby And Me At Jubilee Children's Centre,FSD,Family learning
11278,Baby And Me At Jubilee Children's Centre,FSD,Courses for adults
11278,Baby And Me At Jubilee Children's Centre,FSD,Better Start Brixton Tulse Hill
11279,Making A Mosaic Course At Jubilee Children's Centre,FSD,Family learning
11279,Making A Mosaic Course At Jubilee Children's Centre,FSD,Courses for adults
11279,Making A Mosaic Course At Jubilee Children's Centre,FSD,Better Start Brixton Tulse Hill
11284,Guide Dogs,FSD,
11284,Guide Dogs,FSD,Hearing and visual impairment
11293,Turn2us,FSD,Money matters (benefits and debt)
11294,Mulberry Outdoor Stay And Play,FSD,Stay and Play one o'clock clubs
11296,S.L.A.M.- 24hr Mental Health Crisis Line,FSD,
11296,S.L.A.M.- 24hr Mental Health Crisis Line,FSD,Mental health
11296,S.L.A.M.- 24hr Mental Health Crisis Line,FSD,Mental health and well being
11297,Christ Church (Streatham) Church Of England Primary School - Early Birds Breakfast Club,FSD,Breakfast and after school clubs
11306,Dream BiG Urban Film Club,FSD,Youth clubs
11306,Dream BiG Urban Film Club,FSD,Creative Arts and Multimedia
11353,Werewolves Of London Special Ice Hockey Club,FSD,Sports
11355,Specialist Infant Feeding One One  Session At Henry Fawcett Children''s Centre,FSD,
11355,Specialist Infant Feeding One One  Session At Henry Fawcett Children''s Centre,FSD,Health Visiting Services
11355,Specialist Infant Feeding One One  Session At Henry Fawcett Children''s Centre,FSD,Better Start North Lambeth
11357,Child Health Clinic At Henry Fawcett Chidlren's Centre,FSD,Health Visiting Services
11357,Child Health Clinic At Henry Fawcett Chidlren's Centre,FSD,Better Start North Lambeth
11358,Illustrate A Book With Morley College At Ethelred Children's Centre,FSD,Family learning
11358,Illustrate A Book With Morley College At Ethelred Children's Centre,FSD,Courses for adults
11358,Illustrate A Book With Morley College At Ethelred Children's Centre,FSD,Better Start North Lambeth
11367,Mosaic Course At Jessop Children's Centre,FSD,Family learning
11367,Mosaic Course At Jessop Children's Centre,FSD,Courses for adults
11367,Mosaic Course At Jessop Children's Centre,FSD,Better Start Brixton Stockwell
11368,Early Words Together - 2 Years Literacy Development At Hitherfield Children's Centre,FSD,Speech and language support
11368,Early Words Together - 2 Years Literacy Development At Hitherfield Children's Centre,FSD,Better Start Streatham
11370,Chattertime At Tree House Children's Centre,FSD,Speech and language support
11370,Chattertime At Tree House Children's Centre,FSD,Better Start Clapham Brixton Hill
11394,Play Out! At Benton's Lane Children's Centre,FSD,Stay and play
11394,Play Out! At Benton's Lane Children's Centre,FSD,Better Start Streatham
11395,Meet And Greet For New Parents And Children At Benton's Lane Children's Centre,FSD,
11395,Meet And Greet For New Parents And Children At Benton's Lane Children's Centre,FSD,Better Start Streatham

