System_Ref,Name,Provider_Type_Description,First_Line,Second_Line,Third_Line,Locality,Town,Post_Code,Easting,Northing,Upload_to_FIDy
924,Hurley Pre-School,Breakfast Club,Hurley Pre School,Hurley House,Kempsford Road,,London,SE11 4PB,531483,178599,ECD
925,Hurley Pre-School,After School Club,Hurley Pre School,Hurley House,Kempsford Road,,London,SE11 4PB,531483,178599,ECD
10672,Baytree Youth Service,Youth Projects,The Baytree Centre,300-302 Brixton Road,,,London,SW9 6AE,531100,176200,FSD
6032,Kid's City At Woodmansterne Primary School - Breakfast Club,Breakfast Club,Woodmansterne Primary School,Stockport Road,,,London,SW16 5XE,529674,169741,FSD
207,Kids' City At Woodmansterne Primary School - After School Club,After School Club,Woodmansterne Primary School,Stockport Road  ,,,London,SW16 5XE,529713,169884,FSD
208,Arty Party,Holiday Provision,St Pauls Church,Rectory Grove,,,London,SW4 0DX,529268,176069,FSD
941,Magic Roundabout Nurseries Ltd,Holiday Playscheme,MRN House,Binfield Road,,,London,SW4 6TB,530273,176722,FSD
2821,Oasis Play After School Environmental Play,After School Club,Oasis Children's Nature Garden,Corner of Larkhall Lane and Studley Road,,,London,SW4 6SP,530171,176738,FSD
5975,Saturday Community Days,Activity,The Oasisplay Nature Garden,Corner of Larkhall Lane and Studley Road,,,London,SW4 6SP,529970,176427,FSD
297,Kids' City At St. Marys R.C. Primary School - After School Club,After School Club,St. Marys RC Primary School,Crescent Lane,,,London,SW4 9QJ,529435,175007,FSD
1612,Friday Youth Club @ Slade Gardens Adventure Playground,Youth Club,Stockwell Park Road,Lorn Road,,,,SW9 0AD,530943,176470,FSD
301,Slade Gardens Adventure Playground,Adventure Playground,Stockwell Park Road,Lorn Road,,,,SW9 0AD,530943,176470,FSD
1072,St Peter's Church - Breakfast Club,Breakfast Club,St Peters Church,Leigham Court Road,,,London,SW16 2NF,530375,172585,ECD
391,St Peters After School Club,After School Club,St Peters Church,Leigham Court Road,,,London,SW16 2NF,530431,172598,ECD
7433,Coin Street Youth Night,Youth Club,34 - 68 Colombo Street,,,,London,SE1 8DP,531609,180231,FSD
9976,Coin Street Neighbourhood Centre - Stay & Play,Stay And Play One O'Clock Club,108 Stamford Street,,,,London,SE1 9NH,531212,180274,FSD
5325,Coin Street Neighbourhood Centre,Community Group,108 Stamford Street,,,,London,SE1 9NH,531212,180274,FSD
1856,Coin Street Neighbourhood Centre - Holiday Playscheme,Holiday Playscheme,108 Stamford Street,,,,London,SE1 9NH,531212,180274,FSD
7438,Coin Street  Access Fitness - Young People 12 - 21 Year Olds,Activity,108 Stamford Street,,,,London,SE1 9NH,531212,180274,FSD
7068,Coin Street Young Leaders,Youth Projects,108 Stamford Street,,,,London,SE1 9NH,531212,180274,FSD
9975,Coin Street Upgrade Yourself: Tutoring And Mentoring,Out Of School Tuition,108 Stamford Street,,,,London,SE1 9NH,531212,180274,FSD
1841,Coin Street Neighbourhood Centre - Healthy Eating 0 - 5 Yrs,Diet And Nutrition,108 Stamford Street,,,,London,SE1 9NH,531212,180274,FSD
7440,Coin Street Under 20's Antenatal Group,Young Parent Support,108 Stamford Street,,,,London,SE1 9NH,531212,180274,FSD
6124,Springfield Community Flat,Holiday Provision,Springfield Community Health Centre,110 Union Road,,,London,SW8 2SH,529770,176276,FSD
5471,Springfield Community Flat Breakfast Club,Breakfast Club,Springfield Community Health Centre,110 Union Road,,,London,SW8 2SH,529770,176276,ECD
476,Springfield Community Flat After School Club,After School Club,Springfield Community Health Centre,110 Union Road,,,London,SW8 2SH,529770,176276,ECD
10811,Springfield Community Flat Youth Club,Youth Club,53-54 Brocket House,,Union Grove,,London,SW8 2RE,529578,176391,FSD
10875,The Weir Link - After School Homework Club,Homework Club,33 Weir Road,,,,London,SW12 0NU,529361,173628,FSD
10874,The Weir Link,Organisation,33 Weir Road,,,,London,SW12 0NU,529361,173628,FSD
4842,Kids' City At Sudbourne Primary School - After School Club,After School Club,Sudbourne Primary School,Hayter Road,,,London,SW2 5AP,530757,174948,FSD
10332,Lifelong Family Links Lifeskills And Employability Training,Other Education,1 Barstow Crescent,,,,London,SW2 3NS,530797,173126,FSD
7688,Lifelong Family Links,Organisation,1 Barstow Crescent,,,,London,SW2 3NS,530797,173126,FSD
10330,Lifelong Family Links After School Club,Activity,1 Barstow Crescent,,,,London,SW2 3NS,530797,173126,FSD
10331,Lifelong Family Links Weekend Club,Activity,1 Barstow Crescent,,,,London,SW2 3NS,530797,173126,FSD
3048,Lifelong Family Links Playschemes,Holiday Activities,1 Barstow Crescent,,,,London,SW2 3NS,530797,173126,FSD
6213,Cherubins Holiday Club,Holiday Provision,48 Palace Road,,,,London,SW2 3NJ,531016,172930,FSD
877,Cherubins Day Nursery Ltd,After School Club,48 Palace Road,,,,London,SW2 3NJ,531016,172930,ECD
1012,Cherubins Day Nursery Ltd,Breakfast Club,48 Palace Road,,,,London,SW2 3NJ,531016,172930,FSD
508,EKC at Archbishop Sumner School,After School Club,Archbishop Sumners C of E Primary School,Reedworth Street,,,London,SE11 4PH,531312,178654,ECD
630,Aktiv-Fun,After School Club,"Flat 42, Belgravia House",,Clarence Avenue,,London,SW4 8HY,529848,174445,ECD
697,Rosemead Preparatory School & Nursery,Independent School,Rosemead Preparatory School,70 Thurlow Park Road,,,London,SE21 8HZ,532239,172852,ECD
698,The Whitehouse Prep & Woodentops Kindergarten,Independent School,The Whitehouse Preparatory School,24 Thornton Road,,,London,SW12 0LF,529600,173400,ECD
699,Broomwood Hall School,Independent School,Broomwood Hall School,3 Garrad's Road,,,London,SW16 1JZ,529675,172153,ECD
701,Streatham & Clapham High School Junior Dept,Independent School,Streatham Hill And Clapham High School,Wavertree Road,,,London,SW2 3SR,530668,173046,ECD
702, London Steiner School,Independent School,9 Weir Road,,,,London,SW12 0LT,529100,173500,ECD
703,Lollard Street Adventure Playground,Adventure Playground,102 Lollard Street,,,,London,SE11 6PX,531028,178776,FSD
1616,Streatham Adventure Playground,Adventure Playground,Streatham Vale Park,Abercairn Road,,,London,SW16 5AL,529101,169976,FSD
706,Willington Road Youth & Community Hub,Adventure Playground,55 Willington Road,,,,London,SW9 9NB,530362,175527,FSD
709,Triangle Adventure Playground,Adventure Playground,Ashmole Street,,,,London,SW8 1NE,530876,177629,FSD
6043,Crown Lane Primary School - Breakfast Club,Breakfast Club,Crown Lane Primary School,Crown Lane,,,London,SW16 3HX,531573,171076,ECD
7699,Crown Lane Resource Base,Resource Base,Crown Lane Primary School,Crown Lane,,,London,SW16 3HX,531500,171000,FSD
894,Durand Academy - After School Club,After School Club,Van Gogh Primary School (Hackford Site),Hackford Road,,,London,SW9 0RD,530946,176760,ECD
885,Julians Primary School - Breakfast Club,Breakfast Club,Julian's Primary School West Norwood,16 Wolfington Road,,,London,SE27 0JF,531795,171953,ECD
6151,Wyvil Primary School - Breakfast Club,Breakfast Club,Wyvil Primary School,Wyvil Road,,,London,SW8 2TJ,530264,177481,ECD
2312,Wyvil Language Centre,Resource Base,Wyvil Primary School,Wyvil Road,,,London,SW8 2TJ,530200,177400,FSD
7691,Allen Edwards Speech And Language Resource Base,Resource Base,Allen Edwards Primary School,Studley Road,,,London,SW4 6RP,530100,176500,FSD
6041,Allen Edwards Primary School - Breakfast Club,Breakfast Club,Allen Edwards Primary School,Studley Road,,,London,SW4 6RP,530145,176488,ECD
875,Allen Edwards Primary School - After School Club,After School Club,Allen Edwards Primary School,Studley Road,,,London,SW4 6RP,530145,176488,ECD
6583,Archbishop Sumner School - Breakfast Club,Breakfast Club,Archbishop Sumners C Of E Primary School,Reedworth Street,,,London,SE11 4PH,531300,178600,ECD
7698,Archbishop Sumner Speech And Language Resource Base,Resource Base,Archbishop Sumners Church Of England Primary School,Reedworth Street,,,London,SE11 4PH,531312,178654,FSD
6149,Christ Church Primary Sw9 - Breakfast Club,Breakfast Club,Christ Church Primary School,Cancell Road,,,London,SW9 6HN,531482,176949,ECD
893,Christ Church Primary Sw9 - After School Club,After School Club,Christ Church Primary School,Cancell Road,,,London,SW9 6HN,531482,176949,ECD
11297,Christ Church (Streatham) Church Of England Primary School - Early Birds Breakfast Club,Breakfast Club,Christ Church of E Primary School,Cotherstone Road,,,London,SW2 3NF,530643,173424,FSD
6580,Corpus Christi Catholic Primary School - Breakfast Club,Breakfast Club,Corpus Christi Roman Catholic Primary School,Trent Road,,,London,SW2 5BL,530706,174698,FSD
6126,Corpus Christi Catholic Primary School - After School Club,After School Club,Corpus Christi Roman Catholic Primary School,Trent Road,,,London,SW2 5BL,530706,174698,ECD
6019,Ashmole Primary School Edc - Extended Day Care,After School Club,Ashmole Primary School,Ashmole Street,,,London,SW8 1NT,530994,177580,ECD
3076,Bonneville Primary School - Carry On Café,After School Club,Bonneville Primary School,Bonneville Gardens,,,London,SW4 9LB,529358,174325,ECD
6022,Bonneville Primary School - Reading Café,Breakfast Club,Bonneville Primary School,Bonneville Gardens,,,London,SW4 9LB,529358,174325,ECD
1706,Clapham Manor - Breakfast Club,Breakfast Club,Clapham Manor Children's Centre,16 Belmont Close,,,London,SW4 6AT,529512,175691,ECD
6128,Clapham Manor Primary School - After School Club,After School Club,Clapham Manor Primary School,Belmont Road,,,London,SW4 0BZ,529473,175582,ECD
6198,Fenstanton Infant School - After School Club,After School Club,Fenstanton Primary School,Abbots Park,,,London,SW2 3PW,531197,173160,ECD
6197,Fenstanton Infant School - Breakfast Club,Breakfast Club,Fenstanton Primary School,Abbots Park,,,London,SW2 3PW,531197,173160,ECD
7263,Glenbrook Primary School - Breakfast Club,Breakfast Club,Glenbrook Primary School,Clarence Avenue,,,London,SW4 8LD,529881,174323,FSD
7264,Glenbrook Primary School - After School Club,After School Club,Glenbrook Primary School,Clarence Avenue,,,London,SW4 8LD,529881,174323,FSD
6026,Heathbrook Primary School - After School Club,After School Club,Heathbrook Primary School,St Rule Street,,,London,SW8 3EH,529067,176207,ECD
6025,Heathbrook Primary School - Breakfast Club,Breakfast Club,Heathbrook Primary School,St Rule Street,,,London,SW8 3EH,529067,176207,ECD
6023,Henry Cavendish Primary School -  Breakfast Club (Balham),Breakfast Club,Henry Cavendish Primary School Balham,Hydethorpe Road,,,London,SW12 0JA,529164,173386,ECD
6606,Henry Cavendish Primary School  - Breakfast Club (Streatham),Breakfast Club,Henry Cavendish Primary School Streatham,Dingley Lane,,,London,SW16 1AU,529940,172557,ECD
2665,Hill Mead Primary School - Breakfast Club,Breakfast Club,Hillmead Primary School,Hillmead Drive,,,London,SW9 8UE,531580,175364,ECD
9341,Hill Mead Primary School - Resource Base,Resource Base,Hillmead Primary School,Moorland Road,,,London,SW9 8UE,531580,175364,FSD
972,Hitherfield Primary School - Breakfast Club,Breakfast Club,Hitherfield Primary School,Leigham Vale,,,London,SW16 2JQ,531070,172524,ECD
897,Hitherfield Primary School - After School Club,After School Club,Hitherfield Primary School,Leigham Vale,,,London,SW16 2JQ,531070,172524,ECD
6585,Jessop Primary School - After School Club,After School Club,Jessop School,Lowden Road,,,London,SE24 0BJ,532000,175160,ECD
6584,Jessop Primary School - Breakfast Club,Breakfast Club,Jessop School,Lowden Road,,,London,SE24 0BJ,532000,175160,ECD
975,Oasis Academy Johanna - Breakfast Club,Breakfast Club,Oasis Academy Johanna,Johanna Street,,,London,SE1 7RH,531185,179665,ECD
976,Oasis Academy Johanna - After School Club,After School Club,Johanna Primary School,Johanna Street,,,London,SE1 7RH,531185,179665,ECD
6143,Jubilee Primary School - Breakfast Club,Breakfast Club,Jubilee Primary School,Tulse Hill,,,London,SW2 2JE,531152,174290,ECD
7701,Jubilee Hearing Impairment Resource Base,Resource Base,Jubilee Primary School,Tulse Hill,,,London,SW2 2JE,531152,174290,FSD
6586,Holy Trinity Church Of England Primary School - Breakfast Club,Breakfast Club,Holy Trinity Church Of England Primary School,Upper Tulse Hill,,,London,SW2 2RL,530854,173742,ECD
974,Immanuel And St Andrew C Of E Primary School - Breakfast Club,Breakfast Club,Immanuel And St Andrew Primary School,Buckleigh Road,,,London,SW16 5SL,530019,170581,ECD
6033,Immanuel And St Andrew C Of E Primary School - After School Club,After School Club,Immanuel And St Andrew Primary School,Buckleigh Road,,,London,SW16 5SL,530019,170581,ECD
3957,Friends Of Immanuel And St Andrews Primary School,Organisation,Immanuel And St Andrew Primary School,Buckleigh Road,,,London,SW16 5SL,530019,170581,FSD
919,Macaulay Church Of England Primary School - Breakfast Club,Breakfast Club,Macaulay Church Of England Primary School,Victoria Rise,,,London,SW4 0NU,528789,175481,ECD
7272,St Andrew's Church Of England Primary School - Breakfast Club,Breakfast Club,St Andrews Church Of England Primary School,Kay Road,,,London,SW9 9DE,530509,176083,ECD
7273,St Andrew's Church Of England Primary School - After School Club,After School Club,St Andrews Church Of England Primary School,Kay Road,,,London,SW9 9DE,530509,176083,ECD
902,St Andrews Roman Catholic Primary School -  Twighlights After School Club,After School Club,St Andrews Roman Catholic Primary School,Polworth Road,,,London,SW16 2ET,530283,171148,ECD
6602,St Andrew's Roman Catholic Primary - Sunrise Breakfast Club,Breakfast Club,St Andrews Roman Catholic Primary School,Polworth Road,,,London,SW16 2ET,530283,171148,ECD
6587,Kings Avenue Primary School - Breakfast Club,Breakfast Club,Kings Avenue School House,Kings Avenue,,,London,SW4 8BQ,530059,174807,ECD
6588,Kings Avenue Primary School - After School Club,After School Club,Kings Avenue School House,Kings Avenue,,,London,SW4 8BQ,530059,174807,ECD
6590,Kingswood Primary School - After School Club,After School Club,Kingswood Primary School,Gipsy Road,,,London,SE27 9RD,532880,171495,ECD
6589,Kingswood Primary School - Breakfast Club,Breakfast Club,Kingswood Primary (upper) School,188 Gipsy Road,,,London,SE27 9RD,532880,171495,ECD
942,Loughborough Primary School - Breakfast Club,Breakfast Club,Loughborough Primary School,Minet Road,,,London,SW9 7UA,531716,176212,ECD
6135,Loughborough Primary School - Holiday Provision,Holiday Playscheme,Loughborough Primary School,Minet Road,,,London,SW9 7UA,531716,176212,FSD
883,Loughborough Primary School - After School Club,After School Club,Loughborough Primary School,Minet Road,,,London,SW9 7UA,531716,176212,ECD
7261,Fit For Sport At Paxton Primary School - After School Club,After School Club,Paxton Primary School,Woodland Road,,,London,SE19 1PA,533512,170963,ECD
7260,Fit For Sport At Paxton Primary School - Breakfast Club,Breakfast Club,Paxton Primary School,Woodland Road,,,London,SE19 1PA,533512,170963,ECD
6132,Richard Atkins Primary School - Breakfast Club,Breakfast Club,Richard Atkins School,New Park Road,,,London,SW2 4JP,530256,173786,ECD
988,Rosendale Primary School Breakfast Club,Breakfast Club,Rosendale Primary School,Rosendale Road,,,London,SE21 8LR,532266,173633,ECD
901,Rosendale Primary School After School Club,After School Club,Rosendale Primary School,Rosendale Road,,,London,SE21 8LR,532200,173500,ECD
903,Stockwell Primary School - After School Club,After School Club,Stockwell Primary School,Stockwell Road,,,London,SW9 9TG,530800,175800,ECD
6130,Stockwell Primary School - Breakfast Club,Breakfast Club,Stockwell Primary School,Stockwell Road,,,London,SW9 9TG,530800,175800,ECD
961,Streatham Wells Primary School - Breakfast Club,Breakfast Club,Streatham Wells Primary School,50 Palace Road,,,London,SW2 3NJ,531067,172913,ECD
6129,Streatham Wells Primary School - After School Club,After School Club,Streatham Wells Primary School,50 Palace Road,,,London,SW2 3NJ,531067,172913,ECD
6024,Sudbourne Primary School - Breakfast Club,Breakfast Club,Sudbourne Primary School,Hayter Road,,,London,SW2 5AP,530757,174948,ECD
6029,Sunnyhill Primary School - Breakfast Club,Breakfast Club,Sunnyhill Primary School,Sunnyhill Road,,,London,SW16 2UW,530786,171686,ECD
10333,Sunnyhill Primary School - After School Club,After School Club,Sunnyhill Primary School,Sunnyhill Road,,,London,SW16 2UW,530786,171686,FSD
890,Telferscot Primary School - After School Club,After School Club,Telferscot Primary School,Telferscot Road,,,London,SW12 0HW,529592,173220,ECD
6603,Telferscot Primary School - Breakfast Club,Breakfast Club,Telferscot Primary School,Telferscot Road,,,London,SW12 0HW,529592,173220,ECD
1517,Vauxhall Primary School - Breakfast Club,Breakfast Club,Vauxhall Primary School,Vauxhall Street,,,London,SE11 5LG,530782,178344,FSD
7244,Walnut Tree Walk Primary School - Breakfast Club,Breakfast Club,Walnut Tree Walk Primary School,Walnut Tree Walk,,,London,SE11 6DS,531067,178910,ECD
7245,Walnut Tree Walk Primary School - After School Club,After School Club,Walnut Tree Walk Primary School,Walnut Tree Walk,,,London,SE11 6DS,531067,178910,ECD
7700,Dunraven Slcn Resource Base,Resource Base,94 - 98 Leigham Court Road,,,,London,SW16 2QB,530798,172133,FSD
7704,The Elmgreen School Hearing Impairment Resource Base,Resource Base,The Elmgreen School,Elmcourt Road,,,London,SE27 9BZ,531800,172700,FSD
7286,La Retraite Rc Girls School - After School Club,After School Club,La Retraite Catholic School For Girls,Atkins Road,,,London,SW12 0AB,529018,173735,FSD
7705,London Nautical Asd Resource Base,Resource Base,The London Nautical School,61 Stamford Street,,,London,SE1 9NA,531300,180300,FSD
9393,The Norwood School Breakfast Club,Breakfast Club,Norwood School,Crown Dale,,,London,SE19 3NY,532224,171065,FSD
802,Elm Court School,Special Schools,Elm Court School,Elm Park,,,London,SW2 2EF,530936,173802,ECD
803,Lansdowne School,Special Schools,Lansdowne School,49 Combermere Road,,,London,SW9 9QD,530712,175870,ECD
804,The Michael Tippett School,Special Schools,The Michael Tippett School,Heron Road,,,London,SE24 0HZ,532044,175325,FSD
805,Turney Primary And Secondary Special School,Special Schools,Turney School,Turney Road,,,London,SE21 8LX,532284,173718,ECD
7240,Brixton Recreation Centre Play Scheme,Holiday Provision,27 Brixton Station Road,,,,London,SW9 8QQ,531172,175560,FSD
10814,St Helens Catholic School Breakfast Club,Breakfast Club,St Helens Roman Catholic Primary School,Knowle Close,,,London,SW9 0TQ,531142,175926,FSD
7268,St John's (Angell Town) Church Of England P S - Breakfast Club,Breakfast Club,St John's Angell Town Church Of England Primary School,85 Angell Road,,,London,SW9 7HH,531476,176021,FSD
9480,St John The Divine C Of E Primary School - Breakfast Club,Breakfast Club,St John The Divine Primary School,Warham Street,,,London,SE5 0SX,531782,177252,FSD
4499,St Leonard's Church Of England Primary School - Breakfast Club,Breakfast Club,St Leonards Church Of England School,42 Mitcham Lane,,,London,SW16 6NP,529710,171434,ECD
9477,St Mark's Church Of England Primary School - Breakfast Club,Breakfast Club,St Marks Church Of England Primary School,Harleyford Road,,,London,SE11 5SL,530822,177860,FSD
9395,St Saviour's Church Of England Primary School After School Club,After School Club,St Saviours Church Of England Primary School,Herne Hill Road,,,London,SE24 0AY,532228,175575,FSD
6607,St Saviour's School - Breakfast Club,Breakfast Club,St Saviours Church Of England Primary School,Herne Hill Road,,,London,SE24 0AY,532228,175575,ECD
9476,St Stephen's Church Of England Primary School - Breakfast Club,Breakfast Club,St Stephens Church Of England Primary School,Dorset Road,,,London,SW8 1EJ,530488,177314,FSD
4817,St Stephen's Church Of England Primary School - After School Club,After School Club,St Stephens Church Of England Primary School,Dorset Road,,,London,SW8 1EJ,530488,177314,ECD
882,Holmewood Nursery School - After School Club,After School Club,66 Upper Tulse Hill,,,,London,SW2 2RW,530737,173732,ECD
874,The Livity School,Special Schools, Adare Walk,,,,London,SW16 2PW,530546,172442,FSD
7327,Saint Gabriel's College - Breakfast Club,Breakfast Club,St Gabriel's College,Langton Road,,,London,SW9 6UL,531881,176931,ECD
8923,Vauxhall City Farm - New Shoots,Activity,Vauxhall City Farm,165 Tyers Street,,,London,SE11 5HS,530689,178139,FSD
908,Vauxhall City Farm,Organisation,Vauxhall City Farm,165 Tyers Street,,,London,SE11 5HS,530600,178200,FSD
1938,Whippersnappers,Organisation,Lido,Brockwell Park,Dulwich Road,,London,SE24 0PA,531662,174377,FSD
952,Whippersnappers Inclusive After School Club,After School Club,Lido,Brockwell Park,Dulwich Road,,London,SE24 0PA,531662,174377,FSD
9987,Whippersnappers Mixed Baby & Toddler Music Session,Parent and toddler groups,Lido,Brockwell Park,Dulwich Road,,London,SE24 0PA,531662,174377,ECD
9989,Whippersnappers Pre-Crawlers Baby Music Session,Parent and toddler groups,Lido,Brockwell Park,Dulwich Road,,London,SE24 0PA,531662,174377,ECD
7626,Larkhall Autism Outreach Service,Support & Advice,Larkhall Primary School,Smedley Street,,,London,SW4 6PH,530009,176292,FSD
6592,Larkhall Children's Centre - After School Club,After School Club,Larkhall Primary School,Smedley Street,,,London,SW4 6PH,530009,176292,ECD
6591,Larkhall Children's Centre - Breakfast Club,Breakfast Club,Larkhall Primary School,Smedley Street,,,London,SW4 6PH,530009,176292,ECD
7702,Lark Hall Centre For Autism,Resource Base,Larkhall Primary School,Smedley Street,,,London,SW4 6PH,530009,176292,FSD
11296,S.L.A.M.- 24hr Mental Health Crisis Line,Support & Advice,,,,,,,,,FSD
5869,All Sewn Up Training Project,Activity,"Unit 1, The Co-Op Centre",11 Mowll Street,,,London,SW9 6BG,531125,177082,FSD
3711,Lambeth Autism Group (National Autistic Society Lambeth Branch),Organisation,Fourth Floor Front,336 Brixton Road,,,London,SW9 7AA,531151,176041,FSD
7351,Women’s Aid (Domestic And Sexual Violence Advice & Counselling Services),Organisation,Solace Womens Aid Blenheim Court,62 Brewery Road,,Islington,London,N7 9NY,530280,184566,FSD
3755,Lambeth Adoption And Fostering,Organisation,Civic Centre,2 Brixton Hill,,,London,SW2 1RW,530919,175202,FSD
10809,Lambeth Parent Forum,Support & Advice,336 - 338 Brixton Road,,,,London,SW9 7AA,531151,176041,FSD
1404,Minet Library,Library,Lambeth Achives & Minet Library,52 Knatchbull Road,,,London,SE5 9QY,531686,176405,FSD
10244,Lambeth Autism Advisory Service,Support & Advice,Civic Centre,6 Brixton Hill,,,London,SW2 1EG,530917,175095,FSD
7656,Disability Register And Liberty Card,Activity,Civic Centre,6 Brixton Hill,,,London,SW2 1EG,530917,175095,FSD
2701,Special Educational Needs (SEND),Organisation,Civic Centre,6 Brixton Hill,,,London,SW2 1EG,530917,175095,FSD
5114,S.Y.C.T. Streatham Wednesday Group,Activity,16 Wellfield Road,,,,London,SW16 2BP,530287,171736,FSD
7484,S.Y.C.T.''s Breakfast Club At Streatham Vale Park,Holiday Provision,Streatham Vale Adventure Playground,Abercairn Road,,,London,SW16 5AE,529554,170506,FSD
9990,S.Y.C.T. Breakfast Club,Out Of School Tuition,Streatham Youth Centre,Conyers Road,,,London,SW16 6LS,529638,170898,FSD
9997,S.Y.C.T. Juniors Club,Youth Club,Streatham Youth Centre,Conyers Road,,,London,SW16 6LS,529638,170898,FSD
9998,S.Y.C.T. Juniors Club & Inters Club,Youth Club,Streatham Youth Centre,Conyers Road,,,London,SW16 6LS,529638,170898,FSD
2704,S.Y.C.T. Seniors Club,Youth Club,Streatham Youth Centre,Conyers Road,,,London,SW16 6LS,529638,170898,FSD
1930,Rough Sleepers Space,Support & Advice,St Leonards Church Hall,8 Tooting Bec Gardens,,,London,SW16 1RB,529939,171776,FSD
1931,Open Access Drop-In,Support & Advice,St Leonards Church Hall,8 Tooting Bec Gardens,,,London,SW16 1RB,529939,171776,FSD
1932,Women's Space,Support & Advice,St Leonards Church Hall,8 Tooting Bec Gardens,,,London,SW16 1RB,529939,171776,FSD
2113,St Michael's Fellowship,Organisation,St Michaels Fellowship,136 Streatham High Road,,,London,SW16 1BW,530100,172200,FSD
11103,Jigsaw Contact Service,Family Contact Centres,St Michaels Fellowship,136 Streatham High Road,,,London,SW16 1BW,530177,172171,FSD
3013,St Stephen's Youth Work,Youth Club,St Stephens Church Of England Church,Weir Road,,,London,SW12 0NU,529423,173694,FSD
9288,"Little Bears, St Thomas'",Parent and toddler groups,St Thomas Church,Telford Avenue,,,London,SW2 4XW,529720,173071,FSD
1393,Clapham Library,Library,Mary Seacole Centre,91 Clapham High Street,,,London,SW4 7DB,529751,175455,FSD
2619,Alford House Youth Club,Youth Club,Alford House,Aveline Street,,,London,SE11 5DQ,531028,178246,FSD
4851,Alford House Mixed Youth Club,Youth Club,Alford House,Aveline Street,,,London,SE11 5DQ,531028,178246,FSD
4852,Alford House Girls Youth Club,Youth Club,Alford House,Aveline Street,,,London,SE11 5DQ,531028,178246,FSD
10017,Alford House Music Production Studio Sessions,Youth Club,Alford House,Aveline Street,,,London,SE11 5DQ,531028,178246,FSD
10018,Alford House Health And Fitness Studio Sessions,Youth Club,Alford House,Aveline Street,,,London,SE11 5DQ,531028,178246,FSD
2054,Art4space,Organisation,Studio 1,31 Jeffreys Road,,,London,SW4 6QU,530129,176253,FSD
4286,Lambeth Participation And Engagement Service (PES),Organisation,We Are 336,336 - 338 Brixton Road,,,London,SW9 7AA,531151,176041,FSD
2900,Brixton Advice Centre,Organisation,165 - 167 Railton Road,,,,London,SE24 0LU,531694,174769,FSD
1383,Brixton Library,Library,Brixton Tate Library,2 Brixton Oval,,,London,SW2 1JQ,531067,175255,FSD
1450,West Norwood Library,Library,West Norwood Library,1-5 Norwood High Street,,,London,SE27 9JX,531926,172187,FSD
3843,Wheels For Wellbeing,Organisation,336 Brixton Road,,,,London,SW9 7AA,531151,176041,FSD
10708,Wheels For Well Being S.E.N.D Sunday Cycling Sessions,Activity,Herne Hill Stadium,104 Burbage Road,,,London,SE24 9HE,532781,174202,FSD
4684,Roots & Shoots,Organisation,Roots and Shoots,Walnut Tree Walk,,,London,SE11 6DN,531144,178849,FSD
10834,Oasis Hub Waterloo - Playspace,Organisation,1A Kennington Road,,,,London,SE1 7QP,531169,179389,FSD
10836,Waterloo Food Bank,Food Bank,1A Kennington Road,,,,London,SE1 7QP,531169,179389,FSD
10602,Dash - Young People's Sexual Health And Substance Use Service,Activity,Brixton Brook Advisory Centre,374 Brixton Road,,,London,SW9 7AW,531096,175794,FSD
10343,Brook - Healthy Lives For Young People,Organisation,Brixton Brook Advisory Centre,374 Brixton Road,,,London,SW9 7AW,531096,175794,FSD
10572,Brook Young People - Come Correct,Support & Advice,N/A cnline activities and virtual services,,,,,,531000,175700,FSD
4265,Childline,Organisation,,,,,,,,,FSD
3660,Kidscape,Organisation,,,,,,,,,FSD
3095,Park Campus Academy (Secondary Alternative Provision),Alternative Education,Park Campus,Gipsy Road,,,London,SE27 9NP,532328,171637,ECD
7337,Kings College Hospital School,Alternative Education,Park Campus,Gipsy Road,,,London,SE27 9NP,532328,171637,ECD
1388,Carnegie Library,Library,Carnegie Library,192 Herne Hill Road,,,London,SE24 0AG,532328,175252,FSD
1420,Streatham Library,Library,Streatham Library,63 Streatham High Road,,,London,SW16 1PN,530149,171946,FSD
10310,Lambeth Autism Group Parent And Carers Coffee Morning,Activity,Holy Trinity Church,Clapham Common North Side,,,London,SW4 0QZ,529154,175354,FSD
4147,National Autistic Society,Charity,National Autistic Society,391-393 City Road,,,London,EC1V 1NG,531500,183100,FSD
1525,Streatham Vale Stay And Play,Stay And Play One O'Clock Club,Streatham Vale Park,Abercairn Road,,,London,SW16 5AG,529359,170318,FSD
2279,Rathbone Youth Service,Youth Club,The Old Library in West Norwood,14 - 16 Knight's Hill,,,London,SE27 0HY,531887,172127,FSD
8954,Fridays @ The Old Library,Activity,The Old Library West Norwood,14 - 16 Knight's Hill,,,London,SE27 0HY,531887,172127,FSD
1491,Slade Gardens Play And Stay,Stay And Play One O'Clock Club,One O Clock Club  Slade Gardens,73A Stockwell Park Road,,,London,SW9 0DB,530934,176383,FSD
7333,South Central Youth Ltd,Organisation,,,,,,,,,FSD
4696,South Central Youth Ltd - Youth Projects,Youth Projects,16 Wellfield Road,,,,London,SW16 2BP,530287,171736,FSD
10839,Scope's Disability Energy Support,Activity,N/A Online & Telephone Only,,,,,,530919,175202,FSD
9934,Navigate: Emotional Support For Parents With Scope,Charity,N/A Online & Telephone Only,,,,,,530919,175202,FSD
3210,Scope,Organisation,N/A online and telephone only,,,,,,530917,175095,FSD
3151,Code 7 Ltd,Organisation,Springfield Community & Activities Centre,110 Union Road,,,London,SW8 2SH,529770,176276,FSD
10016,Code 7's True Project (The Road To Unlocking Excellence),Youth Projects,Springfield Community & Activities Centre,110 Union Road,,,London,SW8 2SH,529770,176276,FSD
1445,Waterloo Library,Library,The Oasis Centre,1 Kennington Road,,,London,SE1 7QP,531156,179383,FSD
4335,Disability Advice Service Lambeth (DASL),Organisation,336 - 338 Brixton Road,,,,London,SW9 7AA,531151,176041,FSD
3156,Ferndale Community Sports Centre,Leisure,Ferndale Sports Centre,Nursery Road,,,London,SW9 8BP,530884,175475,FSD
1657,Flaxman Sports Centre,Leisure,Flaxman Sports Centre,Carew Street,,,London,SE5 9DF,532000,176400,FSD
2124,High Trees Community Development Trust,Organisation,220 Upper Tulse Hill,,,,London,SW2 2NS,531326,173420,FSD
294,Tulse Hill Adventure Playground,Adventure Playground,Tulse Hill Adventure Playground,Greenleaf Close,Tulse Hill Estate,,London,SW2 2EY,531007,174027,FSD
10247,Tulse Hill Adventure Playground Youth And Play Session,After School Club,Tulse Hill Youth Club,Tulse Hill,,,London,SW2 2EY,531007,174027,FSD
1941,Camberwell Sexual Health Centre,Activity,Kings College Hospital,Denmark Hill,,,London,SE5 9RS,532494,176068,FSD
2202,King’s College Hospital Nhs Foundation Trust,Organisation,Kings College Hospital,Denmark Hill,,,London,SE5 9RS,532494,176068,FSD
3955,Kingswood Estate Community Shop,Activity,37 - 38 Seeley Drive,,,,London,SE21 8QR,533555,171918,FSD
3940,Crystal Palace Community Development Trust,Organisation,Anerley Town Hall,Anerley Road,,Penge,London,SE20 8BD,534518,169848,FSD
2183,Fulham Football Club Foundation,Organisation,First Floor Park Gate House,356 West Barnes Lane,,,New Malden,KT3 6NB,522561,167545,FSD
10969,Fulham Girls Kicks Streatham Vale,Activity,Streatham Vale Park,Abercairn Road,,,London,SW16 5AH,529261,170155,FSD
10970,Fulham Girls Kicks Elmgreen School,Activity,Elmgreen Secondary School,Elmcourt Road,,,London,SE27 9BZ,531984,172792,FSD
10971,Fulham Girls Kicks Marcus Lipton,Activity,Marcus Lipton Centre,Minet Road,,,London,SW9 7UH,531826,176054,FSD
10287,Girls Only Kicks,Activity,Black Prince Community Hub,,5 Beaufoy Walk,,London,SE11 6HU,530879,178613,FSD
1399,Durning Library,Library,Durning Library,167 Kennington Lane,,,London,SE11 4HF,531310,178342,FSD
3093,Every Pound Counts,Organisation,Civic Centre,6 Brixton Hill,,,London,SW2 1EG,530917,175095,FSD
2321,Home-Start Lambeth,Organisation,Holles House,Overton Road,,,London,SW9 7AP,531263,176249,FSD
1514,Kennington Park Centre Stay And Play,Stay And Play One O'Clock Club,40 St Agnes Place,,,,London,SE11 4BE,531476,177598,FSD
1519,Kennington Park Centre Adventure Playground,Adventure Playground,40 St Agnes Place,,,,London,SE11 4BE,531476,177598,FSD
3444,Lambeth Somali Community Association,Organisation,Lambeth Somali Community Association,13 - 15 Stockwell Road,,,London,SW9 9AU,530548,176478,FSD
1415,Tate South Lambeth Library,Library,Tate South Lambeth Library,180 South Lambeth Road,,,London,SW8 1QP,530374,177251,FSD
10249,Tulse Hill Bloco After School Club,After School Club,65 Christchurch Road,,,,London,SW2 3DH,531452,172998,FSD
4063,Welcare - Lambeth Office,Organisation,Lambeth Welcare,19 Frederick Crescent,,,London,SW9 6XN,531600,177000,FSD
10232,Inclusive Swimming Lessons At Clapham Leisure Centre 2 To 6 Yrs Old And 7+,Sports Clubs And Leisure Activities,Leisure Centre,Clapham Manor Street,,,London,SW4 6DB,529658,175558,FSD
11010,Swimbies,Sports Clubs And Leisure Activities,Leisure Centre,Clapham Manor Street,,,London,SW4 6DB,529658,175558,FSD
1658,Clapham Leisure Centre,Leisure,Leisure Centre,Clapham Manor Street,,,London,SW4 6DB,529658,175558,FSD
1678,Streatham Ice And Leisure Centre,Leisure,Streatham Ice And Leisure Centre,390 Streatham High Road,,,London,SW16 6HX,530029,171082,FSD
2031,Young And Talented - School Of Stage And Screen,Organisation,Oxford House,Derbyshire Street,,,London,E2 6HG,534573,182609,FSD
2032,Saturday Classe,Activity,Oxford House,Derbyshire Street,,,London,E2 6HG,534573,182609,FSD
4516,Norwood Community Group Services,Organisation,14 - 16 Knight's Hill,,,,London,SE27 0HY,531887,172127,FSD
10003,Right Track Project,Activity,Priory Grove,,,,London,SW8 2PD,530062,176668,FSD
4536,Kennington Park Academy (Primary Alternative Provision),Alternative Education,Kennington Park Academy,20 Kennington Park Gardens,,,London,SE11 4AX,531571,177681,ECD
4980,Morley College,College,Morley College,61 Westminster Bridge Road,,,London,SE1 7HT,531293,179353,FSD
5067,Bigkid Foundation,Organisation,6 Montego Close,,,,London,SE24 0LH,531393,175025,FSD
6138,Lily's Kids Klub,After School Club,Brixton Hill Methodist Church,Elm Park,,,London,SW2 2TX,530692,174164,ECD
6139,Lily's Kids Klub,Breakfast Club,Brixton Hill Methodist Church,Elm Park,,,London,SW2 2TX,530692,174164,ECD
3591,Online Homework Club,Organisation,Archbishop Tenisons School,Kennington Oval,,,London,SE11 5SR,530917,177631,FSD
6077,Rape Crisis South London,Charity,,,,,,,530919,175202,FSD
5391,Butterfly After School Club,After School Club,St Martins Community Centre,Abbots Park Road St Martins Estate,,,London,SW2 3PW,531197,173160,ECD
11111,Aim High Dance Academy,Organisation,South Norwood Leisure Centre,164 Portland Road,,South Norwood,London,SE25 4PT,534541,167872,FSD
5528,Chocolate Films Workshops,Organisation,Battersea Studios,80 -82 Silverthorne Road,,,London,SW8 3HE,528871,176451,FSD
5545,The Special Yoga Centre,Organisation,The Yoga Centre,First Floor East  The Tay Building,2A Wrentham Avenue,,London,NW10 3HA,523624,183303,FSD
5678,Grove Adventure Playground,Adventure Playground,18 Gordon Grove,,,,London,SE5 9DT,531813,176103,FSD
5771,Sports City At Richard Atkins Primary School - Breakfast Club,Breakfast Club,Richard Atkins Primary School,New Park Road,,,London,SW2 4JP,530256,173786,FSD
10778,Sports City London Multi-Sports @ Agnes Riley Gardens,Activity,69 Atkins Road,,,,London,SW12 0AH,529393,173779,FSD
6578,Oakden Kids Club,Holiday Provision,Archbishop Sumners Church Of England Primary School,Reedworth Street,,,London,SE11 4PH,531312,178654,FSD
5836,Oakden Kids Club,After School Club,Archbishop Sumners Church Of England Primary School,Reedworth Street,,,London,SE11 4PH,531312,178654,ECD
5982,Prime Childcare Services,Out Of School Tuition,Ground Floor Acre House,10 Acre Lane,,,London,SW2 5LL,530925,175253,FSD
2913,Brockwell Park Community Greenhouses,Organisation,Brockwell Park Community Greenhouses,Dulwich Road,,,London,SE24 0PA,531380,174603,FSD
6116,Upper Norwood Library,Library,Library,39 Westow Hill,,,London,SE19 1TQ,533506,170749,FSD
6156,Wellfield Education,Homework Club,First Floor,266 - 268 Streatham High Road,,,London,SW16 1HS,530035,171738,FSD
7281,Sally Kids Care,After School Club,244B - 244C Brixton Hill,,,,London,SW2 1HF,530427,173782,ECD
7280,Sally Kids Care,Breakfast Club,244B - 244C Brixton Hill,,,,London,SW2 1HF,530427,173782,ECD
7282,Sally Kids Care,Holiday Provision,244B - 244C Brixton Hill,,,,London,SW2 1HF,530427,173782,FSD
7703,City Heights Asd Resource Base,Resource Base,City Heights E-act Academy,33 Abbots Park,,,London,SW2 3PW,531243,173141,FSD
9762,Brixton Wings After School & Mid-Term Music Classes,Activity,Unit 4,Fairfax House,Overton Road,,London,SW9 7JR,531394,176048,FSD
9763,Brixton Wings After School & Mid-Term Rowing Programme,Activity,Unit 4,Fairfax House,Overton Road,,London,SW9 7JR,531394,176048,FSD
9764,Brixton Wings After School,Activity,Unit 4,Fairfax House,Overton Road,,London,SW9 7JR,531394,176048,FSD
6373,Brixton Wings,Organisation,Unit 4,Fairfax House,Overton Road,,London,SW9 7JR,531394,176048,FSD
7253,Dewdrops Play Scheme/nursery - Breakfast Club,Breakfast Club,1 - 4,The High Parade,Streatham High Road,,London,SW16 1EX,530231,172285,ECD
7252,Dewdrops Play Scheme/nursery - After School Club,After School Club,1 - 4,The High Parade,Streatham High Road,,London,SW16 1EX,530231,172285,ECD
7254,Dewdrops Play Scheme/Nursery,Holiday Activities,1 - 4,The High Parade,Streatham High Road,,London,SW16 1EX,530231,172285,FSD
6661,Explore Learning Brixton,Out Of School Tuition,370 Coldharbour Lane,,,,London,SW9 8PL,531356,175414,FSD
6704,Aurora House - Centre For Children With Autism,Resource Base,Aurora House,22 Kennington Park Gardens,,,London,SE11 4AX,531600,177687,FSD
6894,The Oasis Inclusion Project,Activity,33 Priory Grove,,,,London,SW8 2PD,530062,176668,FSD
6712,Oasis Adventure Playground,Adventure Playground,40 Larkhall Lane,,,,London,SW4 6SP,530114,176624,FSD
6799,Children & Young People Services For Spanish/portuguese Speakers (5 To 19 Yrs Old),Organisation,Unit 8 & 9,Warwick House,Overton Road,,London,SW9 7JP,531268,176086,FSD
6805,Afewee Training Centre,Organisation,27 Brixton Station Road,,,,London,SW9 8QQ,531172,175560,FSD
10008,Afewee Boxing Classes - Minnows Club (5 To 10 Yrs Old),Activity,Brixton Recreation Centre,Brixton Station Road,,,London,SW9 8QQ,531172,175560,FSD
10009,Afewee Boxing Classes - Junior Club (11 To 16 Yrs Old),Activity,Brixton Recreation Centre,Brixton Station Road,,,London,SW9 8QQ,531172,175560,FSD
10010,Afewee Academy Football Classes (5 To 10 Years Old),Activity,"Sports Hall, Level 4",Brixton Recreation Centre,Brixton Station Road,,London,SW9 8QQ,531172,175560,FSD
10011,Afewee Academy Football Classes  (10 To 16 Years Old),Activity,"3G Pitch, Level 2",Brixton Recreation Centre,Brixton Station Road,,London,SW9 8QQ,531172,175560,FSD
6961,Streatham Leisure Centre Holiday Play Scheme,Holiday Provision,Streatham Ice And Leisure Centre,390 Streatham High Road,,,London,SW16 6HX,530029,171082,FSD
7049,YPM Childcare Provider at Granton,Holiday Provision,Granton Primary School,Granton Road,,,London,SW16 5AN,529288,170025,FSD
6962,YPM Childcare Provider at Granton,Breakfast Club,Granton Primary School,Granton Road,,,London,SW16 5AN,529288,170025,ECD
7075,YPM Childcare Provider at Granton,After School Club,Granton Primary School,Granton Road,,,London,SW16 5AN,529288,170025,ECD
9984,Barracudas (Streatham),Organisation,Streatham Hill And Clapham High School,42 Abbotswood Road,,,London,SW16 1AW,529515,172342,FSD
7242,Super Camps at Dunraven School,Organisation,94 - 98 Leigham Court Road,,,,London,SW16 2QB,530798,172133,FSD
7120,Young People Matter At The Old  Laundry - After School Club,After School Club,Residential Accommodation The Beehive,6 Crossford Street,,,London,SW9 9HQ,530524,176194,ECD
7225,Young People Matter At The Old  Laundry - Holiday Provision,Holiday Provision,20 Eastcote Street,,,,London,SW9 9BY,530530,176269,FSD
7110,Pacca Out Of School Project,Holiday Provision,London City Mission Christian Centres,81 Lothian Road,,,London,SW9 6TS,531746,176846,FSD
7134,Pacca Out Of School Project,Activity,London City Mission Christian Centres,81 Lothian Road,,,London,SW9 6TS,531746,176846,FSD
7279,Pacca Out Of School Project,After School Club,London City Mission Christian Centres,81 Lothian Road,,,London,SW9 6TS,531746,176846,FSD
7103,Pacca Out Of School Project,Breakfast Club,London City Mission Christian Centres,81 Lothian Road,,,London,SW9 6TS,531746,176846,FSD
7102,Patmos Area Community Association (PACCA),Organisation,London City Mission Christian Centres,81 Lothian Road,,,London,SW9 6TS,531746,176846,FSD
7171,Brixton Recreation Centre,Leisure,Brixton Recreation Centre,Brixton Station Road,,,London,SW9 8QQ,531172,175560,FSD
7200,Spiral Skills Cic,Organisation,17A Electric Lane,,,,London,SW9 8LA,531121,175342,FSD
7295,Cassandra Learning Centre (CLC),Organisation,Abbott Greeley,1433B London Road,,Norbury,London,SW16 4AW,530672,169483,FSD
7315,Alifya Education Limited,Out Of School Activity,"Unit F5, 61a Lilford Road",,,,London,SE5 9HY,531929,176330,FSD
7352,Papa's Park And Cafe - Open Access Playground,Parks And Playgrounds,Cafe,Pulross Road,,,London,SW9 8AF,530827,175580,FSD
7412,Keen London,Sports Clubs And Leisure Activities,Lilian Baylis Technology School,323 Kennington Lane,,,London,SE11 5QY,530783,178022,FSD
7717,The Autism Project,Training And Employment,London Southbank University Clarence Centre For Enterprise And Innovation,6 St Georges Circus,,,London,SE1 6FE,531687,179437,FSD
7421,Care Trade - The School House Cafe,Activity,The School House Cafe,2 Monnow Road,,,London,SE1 5RN,534255,178776,FSD
7718,Care Trade Uk,Charity,London Southbank University Clarence Centre For Enterprise And Innovation,6 St Georges Circus,,,London,SE1 6FE,531687,179437,FSD
7427,Oasis Nature Garden,Activity,Corner of Larkhall Lane and Studley Road,,,,London,SW4 6SP,530171,176738,FSD
10709,Disability Sports Coach,Organisation,House Of Sport Marathon House,190 Great Dover Street,,,London,SE1 4YB,532514,179663,FSD
7618,Disability Sports Club (DSC),Sports Clubs And Leisure Activities,Brixton Recreation Centre,Brixton Station Road,,,London,SW9 8QQ,531172,175560,FSD
7527,Fight 4 Change @ Black Prince Hub,Organisation,Fight 4 Change ,Black Prince Community Hub,Cannon House,Beaufoy Walk,London,SE11 6HU,530879,178613,FSD
7553,Florence Nightingale Museum,Organisation,Gassiot House,2 Lambeth Palace Road,,,London,SE1 7EP,530758,179616,FSD
7583,Explore Learning Nine Elms,Out Of School Tuition,62 Wandsworth Road,,,,London,SW8 2LF,530033,177427,FSD
7587,Dyspraxia Foundation,Charity,,,,,,,,,FSD
7588,Rainbow Trust Children's Charity,Charity,N/A telephone and online ,,,,,,530919,175202,FSD
7589,The Communication Trust,Charity,31 Angel Gate,,,Islington,London,EC1V 2PT,531763,182889,FSD
7591,The Children's Trust,Charity,Tadworth Court,2 Tadworth Street,,,Tadworth,KT20 5RU,523868,156469,FSD
7605,YPM After-School Club At St John's Angell Town,After School Club,St John's Angell Town Church Of England Primary School,85 Angell Road,,,London,SW9 7HH,531476,176021,FSD
7620,National Deaf Children Society Helpline,Charity,"Ground Floor South, Castle House",37 - 45 Paul Street,,,London,EC2A 4LS,532986,182257,FSD
10311,National Deaf Children Society Grants,Charity,"Ground Floor South, Castle House",37 - 45 Paul Street,,,London,EC2A 4LS,532986,182257,FSD
7624,Kids London S.E.N.D. Mediation Service,Charity,7 - 9 Elliott's Place,,,Islington,London,N1 8HX,531821,183671,FSD
10314,Kids,Organisation,7 - 9 Elliott's Place,,,Islington,London,N1 8HX,531821,183671,FSD
7625,Music Therapy Lambeth,Charity,,,,,,,,,ECD
10364,Speech And Language Therapy,Support & Advice,Evelina Children's Hospital St Thomas' Hospital,249 Westminster Bridge Road,,,London,SE1 7EH,530697,179386,FSD
9023,Children With Complex Needs (Community Nursing Service),Health Service,Mary Sheridan Centre for Child Health,Wooden Spoon House,5 Dugard Way,,London,SE11 4TH,531683,178680,FSD
9024,Continuing Care For Patients With Complex Needs,Health Service,Mary Sheridan Centre for Child Health,Wooden Spoon House,5 Dugard Way,,London,SE11 4TH,531683,178680,FSD
9025,School Nursing Service,Health Service,Mary sheridan Centre for Child Health,Wooden Spoon House,5 Dugard Way,,London,SE11 4TH,531683,178680,FSD
8949,Health Visiting Service (South East),Health Service,Evelina Children's Hospital St Thomas' Hospital,249 Westminster Bridge Road,,,London,SE1 7EH,530697,179386,FSD
8950,Health Visiting Service (South West),Health Service,Evelina Children's Hospital St Thomas' Hospital,249 Westminster Bridge Road,,,London,SE1 7EH,530697,179386,FSD
7639,Lambeth Paediatric Audiology Service,Health Service,Evelina Children's Hospital St Thomas' Hospital,249 Westminster Bridge Road,,,London,SE1 7EH,530697,179386,FSD
7670,Health Visiting Service (North),Health Service,Evelina Children's Hospital St Thomas' Hospital,249 Westminster Bridge Road,,,London,SE1 7EH,530697,179386,FSD
7671,Assistive Communication Service,Health Service,Bowley Close Centre,Bowley Close,,,London,SE19 1SZ,533696,170889,FSD
7630,Community Speech And Language Therapy,Health Service,Mary Sheridan Centre for Child Health,Wooden Spoon House,5 Dugard Way,,London,SE11 4TH,531683,178680,FSD
7631,Community Occupational Therapy,Health Service,Mary Sheridan Centre for Child Health,Wooden Spoon House,5 Dugard Way,,London,SE11 4TH,531683,178680,FSD
7632,Community Physiotherapy Service,Health Service,Mary Sheridan Centre for Child Health,Wooden Spoon House,5 Dugard Way,,London,SE11 4TH,531683,178680,FSD
7633,Community Paediatricians,Health Service,Mary Sheridan Centre for Child Health,Wooden Spoon House,5 Dugard Way,,London,SE11 4TH,531683,178680,FSD
7635,Lambeth Information And Advice Support Service (IASS) For Children And Young People,Support & Advice,,,,,,,,,FSD
7658,Lambeth Information Advice And Support Service (IASS) For Parents Or Carers,Support & Advice,,,,,,,,,FSD
7650,Royal Society For Blind Children,Organisation,52 - 58 Arcola Street,,,Hackney,London,E8 2DJ,533743,185415,FSD
10730,Royal Society For Blind Children Online Programme September 20,Activity,N/A Online Only,,,,,,533743,185415,FSD
7672,Ambitious About Autism,Charity,The Pears National Centre for Autism Education,Woodside Avenue,,Hornsey,London,N10 3JA,528329,189225,FSD
10013,Autism Exchange,Training And Employment,Treehouse School,Woodside Avenue,,Hornsey,London,N10 3JA,528194,189194,FSD
7727,Kids' City At St Leonards,After School Club,St Leonards Church Of England School,42 Mitcham Lane,,,London,SW16 6NP,529734,171495,FSD
8832,Play And Learn Cafe,Activity,Public Conveniences,Agnes Riley Gardens,Poynders Road,,London,SW12 0AH,529424,173787,ECD
8855,YPM ASC At Fenstanton Primary School,After School Club,Fenstanton Primary School,Abbots Park,,,London,SW2 3PW,531197,173160,FSD
8871,Leap Confronting Conflict,Targeted Youth Support,LEAP Confronting Conflict,Unit 7 Wells House,5 - 7 Wells Terrace,Islington,London,N4 3JU,531212,186841,ECD
8872,Brixton People's Kitchen,Community Group,5 Beaufoy Walk,,,,London,SE11 6AA,530958,178618,FSD
8946,Royal Association Of The Deaf (RAD),Activity,Century House South,Riverside Office Centre,,,Essex,CO1 1RE ,,,ECD
8989,Waterloo Community Counselling,Community Group,Barley Mow Clinic,Greet House,Frazier Street,,London,SE1 7BD,531318,179589,FSD
8994,Young Minds,Organisation,,,,,,,,,FSD
8995,Time To Change,Organisation,15 - 19 Broadway,,,Stratford,London,E15 4BQ,538871,184268,ECD
10611,West Norwood Health And Leisure Centre,Leisure,West Norwood Health And Leisure Centre,25 Devane Way,,,London,SE27 0DF,531758,172119,FSD
10854,L.E.A.P. Little Wanderers - Delivered In Partnership With St. Stephen's Children's Centre,Stay And Play One O'Clock Club,Vauxhall Park,,,,London,SW8 1QY,530409,177627,FSD
10890,Snuggle Time Story Session,Stay And Play One O'Clock Club,,,,,,,,,FSD
9538,Parent Champions,Support & Advice,Liz Atkinson Children's Centre,9 Mostyn Road,,,London,SW9 6PH,531254,176552,FSD
9943,Breastfeeding Peer Support,Support & Advice,Liz Atkinson Children's Centre,9 Mostyn Road,,,London,SW9 6PH,531254,176552,FSD
9944,Healthy Living Platform,Support & Advice,Lambeth Early Action Partnership,9 Mostyn Road,,,London,SW9 6PH,531254,176552,FSD
9946,Parent And Infant Relationship Service (PAIRS) Together Time,Support & Advice,Lambeth Early Action Partnership,9 Mostyn Road,,,London,SW9 6PH,531254,176552,FSD
9947,Overcrowded Housing Support Service,Support & Advice,Civic Centre,6 Brixton Hill,,,London,SW2 1EG,530917,175095,FSD
9939,Group Pregnancy Care,Support & Advice,Kings College Hospital,Denmark Hill,,,London,SE5 9RS,532494,176068,FSD
9949,Sharing  R E A L  With Parents,Support & Advice,Lambeth Early Action Partnership,9 Mostyn Road,,,London,SW9 6PH,531254,176552,FSD
10889,L.E.A.P. Women's Advice Surgeries,Support & Advice,Henry Fawcett Children's Centre ,Clayton Street,,,London,SE11 5BZ,531198,177885,FSD
10870,L.E.A.P. Being A Parent (Empowering Parents Empowering Communities),Support & Advice,Liz Atkinson Children's Centre,9 Mostyn Road,,,London,SW9 6PH,531254,176552,FSD
10872,L.E.A.P. Supporting Babies' Next Steps,Support & Advice,N/A Online Only ,,,,,,531254,176552,FSD
10866,Parent And Infant Relationship Service (PAIRS) One-To-One,Support & Advice,Liz Atkinson Children's Centre,9 Mostyn Road,,,London,SW9 6PH,531254,176552,FSD
10867,L.E.A.P. Safer Families: Enhanced Caseworkers,Support & Advice,Liz Atkinson Children's Centre,9 Mostyn Road,,,London,SW9 6PH,531254,176552,FSD
10844,L.E.A.P. Baby And Us (Empowering Parents Empowering Communities) With Leap,Support & Advice,Treehouse Children's Centre  ,66 Upper Tulse Hill,,,London,SW2 2RW,530737,173732,FSD
10850,L.E.A.P. Snuggle With Us Story Session,Activity,N/A Online Only,,,,,,531254,176552,FSD
10851,L.E.A.P. Tips For Tired Parents,Activity,N/A Online Only,,,,,,531254,176552,FSD
10864,L.E.A.P. Share A Story & Rhyme Time,Activity,N/A Online Only,,,,,,531254,176552,FSD
10887,L.E.A.P. Lambeth Pregnancy And Baby Festival,Activity,Combination Of Online and Face-To-Face Sessions,,,,,,531254,176552,FSD
9940,L.E.A.P. Yoga With Claudia,Activity,N/A Online Only,,,,,,530919,175202,FSD
10965,L.E.A.P. Snuggle Time Story Session,Activity,N/A Online Only ,,,,,,531254,176552,FSD
10289,L.E.A.P. Virtual Baby Chattertime (0-15 Months Old),Speech And Language Therapy,N/A Online Only,,,,,,531254,176552,FSD
9948,L.E.A.P. Virtual Chattertime (15 Months - 4 Years Old),Speech And Language Therapy,N/A Online Only,,,,,,530917,175095,FSD
10868,L.E.A.P. Pregnancy Information For Nutrition And Exercise (P.I.N.E.),Diet And Nutrition,Liz Atkinson Children's Centre,9 Mostyn Road,,,London,SW9 6PH,531254,176552,FSD
10869,L.E.A.P. Family Nutrition (HENRY),Diet And Nutrition,Liz Atkinson Children's Centre,9 Mostyn Road,,,London,SW9 6PH,531254,176552,FSD
10845,L.E.A.P. Portion Sizes Workshop,Diet And Nutrition,N/A Online Only,,,,,,531254,176552,FSD
10846,L.E.A.P. Eat Well For Less,Diet And Nutrition,N/A Online Only,,,,,,531254,176552,FSD
9509,Mosiac LGBT Youth Club,Youth Club,Mosaic LGBT Youth Centre,29 - 31 Hampstead Road,,,London,NW1 3JA,529200,182455,FSD
9301,Fray Bambino After Care,After School Club,Parish Hall,Churchmore Road,,,London,SW16 5UZ,529454,169955,FSD
9335,The Cochlear Implanted Children's Support Group (CICS Group),Charity,N/A Online & Telephone Only,,,,,,530919,175202,FSD
10338,Being A Parent,Parenting Support,,,,,,,,,FSD
10339,"Strengthening Families, Strengthening Communities (SFSC)",Parenting Support,,,,,,,,,FSD
10340,Circle Of Security Parenting,Parenting Support,,,,,,,,,FSD
10341,Building Relationships For Stronger Families,Parenting Support,,,,,,,,,FSD
10342,Baby Steps,Parenting Support,,,,,,,,,FSD
10794,Baby And Us,Parenting Support,,,,,,,,,FSD
10795,Living With Teenagers,Parenting Support,,,,,,,,,FSD
10796,"Intro To Strenghtening Families, Strengthening Communities",Parenting Support,,,,,,,,,FSD
10797,Henry Healthy Families Programme,Parenting Support,,,,,,,,,FSD
9470,Tree Tops Breakfast And After School Club At Kings Avenue School London,After School Club,Kings Avenue School House,Kings Avenue,,,London,SW4 8BQ,530059,174807,FSD
9925,Tree Tops Breakfast Club At Kings Avenue School London,Breakfast Club,Kings Avenue School House,Kings Avenue,,,London,SW4 8BQ,530059,174807,FSD
9471,Multi-Sports Holiday Camp,Holiday Provision,St Andrews Roman Catholic Primary School,Polworth Road,,,London,SW16 2ET,530283,171148,FSD
9514,Autism Voice,Organisation,161 - 167 Clapham Manor Street,,,,London,SW4 6DB,529669,175526,FSD
9741,Julian Cousins Sports,Organisation,Clapham Common West Side,,,,London,SW4 9AN,528511,174432,FSD
10827,"Lambeth Noise, Nuisance, Anti Social Behaviour And Safety - Vawg",Support & Advice,N/A Online Only ,,,,,,530917,175095,FSD
10359,"Domestic Abuse, Violence Against Women And Girls",Support & Advice,Civic Centre,6 Brixton Hill,,,London,SW2 1EG,530917,175095,FSD
9568,The Gaia Centre,Support & Advice,Civic Centre,6 Brixton Hill,,,London,SW2 1EG,530917,175095,FSD
9569,Support For Young People At The Gaia Centre,Support & Advice,Civic Centre,6 Brixton Hill,,,London,SW2 1EG,530917,175095,FSD
10444,C.E.F. Lyncx Virtual Support,Support & Advice,N/A telephone and online only ,,,,,,531115,174960,FSD
9999,Community Education Foundatiion & Lyncx (CEF Lyncx) Charity,Organisation,5/6,Eurolink (The Link) Business Centre,49 Effra Road,,London,SW2 1BZ,531115,174960,FSD
10753,C.E.F. Lyncx - Creative Step (Creative Saturday The Extra Project),Activity,The Greenhouse,Windmill Gardens (Park),Blenheim Gardens,,,SW2 5DA,530447,174372,FSD
10007,4all,Organisation,Community Hall,Peabody Hill,,,London,SE21 8LA,532051,173193,FSD
10006,4all Between The Tracks + Afterschool Club (13 To 17 Years Old),Youth Club,"Rosendale Community Centre, ",Rosendale Road Estate,,,London,SE21 8LR,532144,173400,FSD
10005,4all Between The Tracks Afterschool Club (8 To 12 Years Old),After School Club,Community Hall,Peabody Hill,,,London,SE21 8LA,532051,173193,FSD
9843,Kooth,Support & Advice,,,,,,,,,FSD
9844,Centrepoint,Support & Advice,Camberwell Foyer Hostel,90 Denmark Hill,,,London,SE5 8RX,532537,176429,FSD
9845,Young Carers Hub,Support & Advice,336 Brixton Road,,,,London,SW9 7AA,531151,176041,FSD
9846,Cruse Bereavement Care In Lambeth,Support & Advice,St Andrews Church Hall,4 Short Street,,,London,SE1 8LJ,531487,179900,FSD
9847,South London And Maudsley - Community Camhs,Support & Advice,35 Black Prince Road,,,,London,SE11 6JJ,530932,178475,FSD
9848,Safer London - Csa Wellbeing Service,Support & Advice,Second Floor Skyline House,200 Union Street,,,London,SE1 0LX,531845,180032,FSD
10379,Lambeth Young Carers Service & Adult Carers Service,Support & Advice,N/A telephone and online only,,,,,,531151,176041,FSD
10496,Chathealth,Support & Advice,,,,,,,,,FSD
10497,Parentline,Support & Advice,,,,,,,,,FSD
9906,Early Bird Parenting Programme Information Session - Virtual Sessions,Early Years SEND Advice And Support,,,,,,,,,FSD
10832,Small Project Baby Clothes Library @ Oasis Hub Waterloo,Parenting Support,1 Kennington Road,,,,London,SE1 7QP,531156,179383,FSD
9969,The Small Project - Baby Clothes Library,Parenting Support,Oasis Playspace,Imperial War Museum,Lambeth Road,,London,SE1 6HZ,531411,179148,FSD
9974,The Small Project - Baby Clothes Library,Organisation,Imperial War Museum,Lambeth Road,,,London,SE1 6HZ,531411,179148,FSD
9983,Black Thrive,Organisation,N/A Telephone & Online Only,,,,,,530919,175202,FSD
9996,"Lambeth Larder Connecting People, Food & Support",Organisation,Lambeth Larder Community Food Resource,Impact Brixton,49 Brixton Station Road,,London,SW9 8PQ,531226,175521,FSD
10397,Lambeth Larder Emergency Food Support,Food Bank,N/A online only,,,,,,531226,175521,FSD
10030,Womens Advice Surgery At Stockwell Children's Centre,Children's Centre Financial Advice,Stockwell Children's Centre,Stockwell Road,,,London,SW9 9TG,530821,175861,FSD
10040,Citizens Advice At Stockwell Children's Centre,Children's Centre Financial Advice,Stockwell Children's Centre ,Burgoyne Road,,,London,SW9 9QJ,530723,175854,FSD
11367,Mosaic Course At Jessop Children's Centre,Children's Centre Adult Learning,Jessop Children's Centre,Lowden Road,,,London,SE24 0BJ,532044,175196,FSD
10689,Baby Sensory Play At Stockwell Children's Centre,Children's Centre Activities,Stockwell Children's Centre,Burgoyne Road,,,London,SW9 9QJ,530743,175825,FSD
11190,Women's Advice Surgery At Liz Atkinson Children's Centre,Children's Centre Activities,Liz Atkinson Children's Centre,Mostyn Road,,,London,SW9 6PH,531254,176552,FSD
10048,Child Health Clinic At Stockwell Children's Centre,Children's Centre Health Visiting,Stockwell Children's Centre ,Burgoyne Road,,,London,SW9 9QJ,530743,175825,FSD
11092,Stay And Play At Stockwell Children's Centre,Children's Centre Stay And Play,Stockwell Children's Centre,Burgoyne Road,,,London,SW9 9QJ,530723,175854,FSD
10036,Spanish And Portuguese Chat And Play At Stockwell Children's Centre,Children's Centre Esol,Stockwell Children's Centre,Burgoyne Road,,,London,SW9 9QJ,530737,175833,FSD
10041,Get Going With Sewing At Stockwell Children's Centre,Children's Centre Adult Learning,Stockwell Primary School,Stockwell Road,,,London,SW9 9TG,530821,175861,FSD
10963,Stay And Play At Jessop Children's Centre,Children's Centre Stay And Play,Jessop Children's Centre,Lowden Road,,,London,SE24 0BJ,532022,175138,FSD
10964,Chat And Play At Liz Atkinson Children's Centre,Children's Centre Stay And Play,Liz Atkinson Children's Centre,9 Mostyn Road,,,London,SW9 6PH,531254,176552,FSD
11171,Natural Thinkers Family Fun At Liz Atkinson Children's Centre,Children's Centre Stay And Play,Liz Atkinson Children's Centre,Mostyn Road,,,London,SW9 6PH,531254,176552,FSD
10038,Chattertime At Stockwell Children's Centre,Speech And Language Therapy,Stockwell Children's Centre,Burgoyne Road,,,London,SW9 9QJ,530737,175833,FSD
10052,Stay And Play At Liz Atkinson Children's Centre,Children's Centre Stay And Play,Liz Atkinson Children's Centre,9 Mostyn Road,,,London,SW9 6PH,531390,176521,FSD
10055,Toddler Story And Song Time At Stockwell Children's Centre,Children's Centre Stay And Play,Stockwell Children's Centre,Burgoyne Road,,,London,SW9 9QJ,530752,175811,FSD
10061,Brixton Stockwell Better Start Area: Stockwell Children's Centre,Children's Centre,Burgoyne Road,,,,London,SW9 9QJ,530723,175854,FSD
10062,Brixton Stockwell Better Start Area: Jessop Children's Centre,Children's Centre,Jessop School,Lowden Road,,,London,SE24 0BJ,532000,175160,FSD
10063,Brixton Stockwell Better Start Area: Liz Atkinson Children's Centre,Children's Centre,Mostyn Road,,,,London,SW9 6PH,531216,176530,FSD
10074,Streatham Better Start Area: Hitherfield Children's Centre,Children's Centre,Hitherfield Children's Centre,Hitherfield Road,,,London,SW16 2LW,531057,172409,FSD
10076,Streatham Better Start Area: Sunnyhill Children's Centre,Children's Centre,Sunnyhill Primary School,Sunnyhill Road,,,London,SW16 2UW,530786,171686,FSD
10077,Streatham Better Start Area: Streatham Hub Children's Centre,Children's Centre,Streatham United Reformed Church,388 Streatham High Road,,,London,SW16 6HX,530033,171129,FSD
10119,Baby Explorers At Hitherfield Children's Centre,Children's Centre Stay And Play,Hitherfield Children's Centre,Hitherfield Road,,,London,SW16 2LW,531057,172409,FSD
10932,Chat And Play With A Better Start Worker At Benton's Lane Children's Centre,Parenting Support,Benton's Lane Children's Centre ,18 Benton's Lane,,,London,SE27 9UD,532372,171471,FSD
10117,Small Group Stay And Play 0 To 4 Years At Streatham Hub Children's Centre,Children's Centre Stay And Play,Streatham Hub Children's Centre     ,Streatham United Reformed Church,388 Streatham High Road,,London,SW16 6HX,530033,171129,FSD
10693,Chat And Play With A Better Start Worker At Sunnyhill Children's Centre,Children's Centre Stay And Play,Sunnyhill Children's Centre,Harborough Road,,,London,SW16 2UW,530614,171713,FSD
11368,Early Words Together - 2 Years Literacy Development At Hitherfield Children's Centre,Speech And Language Therapy,Hillside Gardens One O'Clock Club,Hillside Road,,,London,SW2 3HL,531034,172693,FSD
11167,Chattertime At Benton's Lane Children's Centre,Speech And Language Therapy,Benton's Lane Children's centre,18 Benton's Lane,,,London,SE27 9UD,532372,171471,FSD
10952,Chattertime At Sunnyhill Children's Centre,Speech And Language Therapy,Sunnyhill Children's Centre ,Harborough Road,,,London,SW16 2XW,530798,171889,FSD
10930,Making It Real @ Benton's Lane,Speech And Language Therapy,Benton's Lane Children's Centre,Benton's Lane,,,London,SE27 9UD,532372,171471,FSD
11122,Baby Explorers At Streatham Hub Children's Centre,Children's Centre Stay And Play,Streatham Hub Children's Centre,388 Streatham High Road,,,London,SW16 6HX,530033,171129,FSD
11123,Play Out! 18 Months To 4 Years At Hillside One O'Clock Club,Children's Centre Stay And Play,Hillside One O'Clock Club,Hillside Road,,,London,SW2 3HL,531026,172680,FSD
10927,Messy Play At Benton's Lane Children's Centre,Children's Centre Stay And Play,Benton's Lane Children's Centre ,18 Benton's Lane,,,London,SE27 9UD,532372,171471,FSD
10929,Stay And Play At Sunnyhill Children's Centre,Children's Centre Stay And Play,Sunnyhill Children's Centre ,Harborough Road,,,London,SW16 2XW,530783,171862,FSD
10948,Small Group Baby Explorers 0 To18 Months At Sunnyhill Children's Centre,Children's Centre Stay And Play,Sunnyhill Children's Centre,Harborough Road,,,London,SW16 2XW,530798,171889,FSD
11168,Childminders And Professional Carers' Group Benton's Lane Children's Centre,Children's Centre Stay And Play,Hillside Gardens One O'Clock Club ,Hillside Road,,,London,SW2 3HL,531026,172680,FSD
10934,Natural Thinkers At Hillside Gardens One O'Clock Club,Children's Centre Stay And Play,Hillside Gardens One O'Clock Club ,Hillside Road,,,London,SW2 3HL,531026,172680,FSD
10922,Small Group Baby Explorers 0 To 18 Months At Benton's Lane Children's Centre,Children's Centre Stay And Play,Benton's Lane Children's Centre,18 Benton's Lane,,,London,SE27 9UD,532372,171471,FSD
10923,Small Group Stay And Play 0 To 4 Years At Benton's Lane Children's Centre,Children's Centre Stay And Play,Benton's Lane Children's Centre ,18 Benton's Lane,,,London,SE27 9UD,532372,171471,FSD
10957,Small Group Stay And Play 0 To 4 Years At Hitherfield Children's Centre,Children's Centre Stay And Play,Hitherfield Children's Centre,Hitherfield Road,,,London,SW16 2LW,531018,172443,FSD
10958,Small Group A.S.D. Stay And Play At Hillside Gardens One O'Clock Club,Children's Centre Stay And Play,Hillside Gardens One O'Clock Club,Hillside Road,,,London,SW2 3HL,531034,172693,FSD
10122,E.S.O.L. At Benton's Lane Children's Centre,Children's Centre Esol,Benton's Lane Children's Centre  ,18 Benton's Lane,,,London,SE27 9UD,532372,171471,FSD
11120,Play Out! 18 Months To 4 Years At Hitherfield Children's Centre,Children's Centre Stay And Play,Hitherfield Children's Centre ,Hitherfield Road,,,London,SW16 2LW,530982,172469,FSD
11394,Play Out! At Benton's Lane Children's Centre,Children's Centre Stay And Play,BBenton's Lane Children's Centre,18 Benton's Lane,,,London,SE27 9UD,532372,171471,FSD
11395,Meet And Greet For New Parents And Children At Benton's Lane Children's Centre,Children's Centre Activities,Benton's Lane  Children's Centre ,18 Benton's Lane,,,London,SE27 9UD,532372,171471,FSD
10187,Baby Massage At Sunnyhill Children's Centre,Children's Centre Activities,Sunnyhill Children's Centre ,Harborough Road,,,London,SW16 2XW,530772,171847,FSD
10118,Meet and Greet for New Parents and Children at Sunnyhill Children''s Centre,Children's Centre Activities,Sunnyhill Children's Centre,Harborough Road,,,London,SW16 2XW,530833,171928,FSD
10924,Employment And Training Support  At Benton's Lane Children's Centre,Children's Centre Employment Support,Benton's Lane Children's Centre ,18 Benton's Lane,,,London,SE27 9UD,532372,171471,FSD
11121,Get Going With Sewing At Benton's Lane Children's Centre,Children's Centre Adult Learning,Benton's Lane Children's Centre ,18 Benton's Lane,,,London,SE27 9UD,532372,171471,FSD
11125,Baby Massage 0 To 6 Months  At Benton's Lane Children's Centre,Children's Centre Adult Learning,Benton's Lane Children's Centre,18 Benton's Lane,,,London,SE27 9UD,532372,171471,FSD
10938,Making It Real At Hitherfield Children's Centre,Children's Centre Adult Learning,Hitherfield Children’s Centre,Hitherfield Road,,,London,SW16 2LW,531057,172409,FSD
10944,Chat And Play With A Better Start Worker At Streatham Hub Children's Centre,Children's Centre Adult Learning,Streatham Hub Children's Centre,Streatham United Reformed Church ,388 Streatham High Road,,London,SW16 6HX,530033,171129,FSD
10947,Move And Groove At Sunnyhill Children's Centre,Children's Centre Adult Learning,Sunnyhill Children's Centre,Harborough Road,,,London,SW16 2XW,530764,171857,FSD
10926,Keeping It Real At Benton's Lane Children's Centre,Children's Centre Adult Learning,Benton's Lane Children's Centre ,18 Benton's Lane,,,London,SE27 9UD,532372,171471,FSD
11148,Making It Real At Ethelred Children's Centre,Children's Centre Adult Learning,Ethelred Children's Centre ,Gundulf Street,,,London,SE11 6BG,531196,178575,FSD
10027,Employment Support At Ethelred Children's Centre,Children's Centre Employment Support,Ethelred Children's Centre ,Gundulf Street,,,London,SE11 6BG,531196,178575,FSD
11135,Health Visitors Development Reviews At Ethelred Children's Centre,Children's Centre Health Visiting,Ethelred Children's Centre,Gundulf Street,,,London,SE11 6BG,531196,178575,FSD
11162,Cook Up With St Michaels At Henry Fawcett Children's Centre,Children's Centre Activities,Henry Fawcett Children's Centre,Clayton Street,,,London,SE11 5BZ,531198,177885,FSD
11355,Specialist Infant Feeding One One  Session At Henry Fawcett Children''s Centre,Children's Centre Health Visiting,Henry Fawcett Children's Centre,Clayton Street,,,London,SE11 5BZ,531198,177885,FSD
11357,Child Health Clinic At Henry Fawcett Chidlren's Centre,Children's Centre Health Visiting,Henry Fawcett Children's Centre,Clayton Street,,,London,SE11 5BZ,531198,177885,FSD
11080,Baby Explorers 0 To 8 Months At Ethelred Children's Centre,Children's Centre Stay And Play,Ethelred Children's Centre,1 Gundulf Street,London,,London,SE11 6BG,,,FSD
11084,Natural Thinkers At Ethelred Children's Centre,Children's Centre Stay And Play,Ethelred Children's Centre ,Gundulf Street,,,London,SE11 6BG,531196,178575,FSD
11358,Illustrate A Book With Morley College At Ethelred Children's Centre,Children's Centre Adult Learning,Ehelred Children's Centre ,Gundulf Street,,,London,SE11 6BG,531196,178575,FSD
11153,Toddlers Explorers - 9 Months And Over At Ethelred Children's Centre,Children's Centre Stay And Play,Ethelred Children's Centre,Gundulf Street,,,London,SE11 6BG,531196,178575,FSD
10069,Baby Explorers At Henry Fawcett Children's Centre,Children's Centre Stay And Play,Henry Fawcett Children's Centre,Clayton Street,,,London,SE11 5BZ,531198,177885,FSD
10029,Chattertime At Ethelred Children's Centre - Invite Only,Speech And Language Therapy,Ethelred Children's Centre ,Gundulf Street,,,London,SE11 6BG,531196,178575,FSD
10049,North Lambeth Better Start Area: Henry Fawcett Children's Centre,Children's Centre,Henry Fawcett Primary School,Clayton Street,,,London,SE11 5BZ,531198,177885,FSD
10047,North Lambeth Better Start Area: Ethelred Children's Centre,Children's Centre,1 Gundulf Street,,,,London,SE11 6BG,531196,178575,FSD
10060,North Lambeth Better Start Area: St Stephen's Children's Centre,Children's Centre,1 Meadow Place,,,,London,SW8 1XZ,530431,177287,FSD
11149,S.E.N.D. 1:1 Sessions (By Invite Only) At Ethelred Children's Centre,Support & Advice,Ethelred Children's Centre ,Gundulf Street,,,London,SE11 6BG,531196,178575,FSD
10759,Messy Play At Clapham Manor Children's Centre,Stay And Play One O'Clock Club,Clapham Manor Children's Centre,Belmont Close,,,London,SW4 6AT,529512,175691,FSD
10084,Clapham And Brixton Hill Better Start Area: Maytree Children's Centre,Children's Centre,Allingham Road,,,,London,SW4 8EG,529962,174150,FSD
10085,Clapham And Brixton Hill Better Start Area - Clapham Manor Children's Centre,Children's Centre,Belmont Close,,,,London,SW4 6AT,529512,175691,FSD
10086,Clapham And Brixton Hill Better Start Area: Tree House Children's Centre,Children's Centre,Holmewood Nursery School,Upper Tulse Hill,,,London,SW2 2RW,530704,173733,FSD
10171,Lambeth Talking Therapies At Tree House Children's Centre,Speech And Language Therapy,Tree house Children's Centre,66 Upper Tulse Hill,,,London,SW2 2RW,530704,173733,FSD
10174,Chattertime At Maytree Children's Centre,Speech And Language Therapy,Maytree Children's Centre,4 Allingham Road,,,London,SW4 8EG,529959,174165,FSD
10141,Introduction To Solid Foods At Clapham Manor Children's Centre,Diet And Nutrition,Clapham Manor Children's Centre,16 Belmont Close,,,London,SW4 6AT,529512,175691,FSD
10322,Baby Singalong At Maytree Children's Centre,Children's Centre Stay And Play,Maytree Children's Centre,4 Allingham Road,,,London,SW4 8EG,529959,174165,FSD
10130,Toddler Time At Clapham Manor Children's Centre,Children's Centre Stay And Play,Clapham Manor Children's Centre,16 Belmont Close,,,London,SW4 6AT,529512,175691,FSD
10132,Messy Play Small Group At Tree House Children's Centre,Children's Centre Stay And Play,Tree House Children's Centre,Upper Tulse Hill,,,London,SW2 2RW,530737,173732,FSD
10135,Stay And Play At Clapham Manor Children's Centre,Children's Centre Stay And Play,Clapham Manor Children's Centre,16 Belmont Close,,,London,SW4 6AT,529512,175691,FSD
10138,Stay And Play At Tree House Children's Centre,Children's Centre Stay And Play,Tree House Children's Centre,66 Upper Tulse Hill,,,London,SW2 2RW,530704,173733,FSD
11191,Leap - Chattertime At Tree House Children's Centre,Speech And Language Therapy,Tree House Children's Centre,Upper Tulse Hill,,,London,SW2 2RW,530734,173760,FSD
11370,Chattertime At Tree House Children's Centre,Speech And Language Therapy,Tree House Children's Centre,66 Upper Tulse Hill,,,London,SW2 2RW,530704,173733,FSD
10150,Baby Explorers At Clapham Manor Children's Centre,Children's Centre Stay And Play,Clapham Manor Children's Centre Children,16 Belmont Close,,,London,SW4 6AT,529512,175691,FSD
10152,Sensory Room Experience @ Clapham Manor Children's Centre,Children's Centre Stay And Play,Clapham Manor Children's Centre ,16 Belmont Close,,,London,SW4 6AT,529512,175691,FSD
10195,Wriggle And Rhyme At Tree House Children's Centre,Children's Centre Stay And Play,Tree House Children's Centre,66 Upper Tulse Hill,,,London,SW2 2RW,530704,173733,FSD
10878,Making It Real @  Agnes Riley,Children's Centre Adult Learning,Agnes Riley One O' Clock Club,Atkins Road,,,London,SW12 0AH,529363,173778,FSD
10881,Wellness Course For Women At  Agnes Riley One O'Clock Club,Children's Centre Adult Learning,Agnes Riley One O'clock Club,Atkins Road,,,London,SW12 0AH,529363,173778,FSD
10792,Women's Group At Tree House Children's Centre,Children's Centre Adult Learning,66 Upper Tulse Hill,,,,London,SW2 2RW,530750,173730,FSD
10149,Creative Arts And Wellbeing Course  At Treehouse Children's Centre,Children's Centre Adult Learning,Treehouse Children's Centre,66 Upper Tulse Hill,,,London,SW2 2RW,530704,173733,FSD
10155,E.S.O.L. At Clapham Manor Children's Centre,Children's Centre Esol,Clapham Manor Children's Centre ,16 Belmont Close,,,London,SW4 6AT,529512,175691,FSD
10158,Employment Support At Maytree Children's Centre,Children's Centre Employment Support,Maytree Children's Centre,4 Allingham Road,,,London,SW4 8EG,529959,174165,FSD
11193,Citizen's Advice At Maytree Children's Centre,Children's Centre Financial Advice,Maytree Children's Centre,4 Allingham Road,,,London,SW4 8EG,529959,174165,FSD
10070,Norwood Better Start Area: Benton's Lane Children's Centre,Children's Centre,18 Benton's Lane,,,,London,SE27 9UD,532372,171471,FSD
10071,Norwood Better Start Area: Rosendale Children's Centre,Children's Centre,Rosendale Primary School,Rosendale Road,,,London,SE21 8LR,532266,173633,FSD
10072,Norwood Better Start Area: Crown Lane Children's Centre,Children's Centre,Crown Lane Primary School,Crown Lane,,,London,SW16 3HX,531573,171076,FSD
10746,Norwood Park Stay And Play One O'Clock Club,Stay And Play One O'Clock Club,Norwood Park One O Clock Club,Norwood Park,,,London,SE19 1EA,532741,171265,FSD
10064,Brixton Tulse Hill Better Start Area: Loughborough Children's Centre,Children's Centre,Loughborough Childrens Centre,Loughborough Primary School,Minet Road,,London,SW9 7UA,531692,176164,FSD
10065,Brixton Tulse Hill Better Start Area: Jubilee Children's Centre,Children's Centre,Jubilee Primary School,Tulse Hill,,,London,SW2 2JE,531152,174290,FSD
10068,Brixton Tulse Hill Better Start Area: Effra At Brockwell Children's Centre,Children's Centre,One O Clock Club,Brockwell Park,Arlingford Road,,London,SW2 2TA,531317,174204,FSD
11278,Baby And Me At Jubilee Children's Centre,Children's Centre Adult Learning,Jubilee Children's Centre,Tulse Hill,,,London,SW2 2JE,531152,174290,FSD
11279,Making A Mosaic Course At Jubilee Children's Centre,Children's Centre Adult Learning,Jubilee Children's Centre,Tulse Hill,,,London,SW2 2JE,531152,174290,FSD
10913,Sewing Class At Jubilee Children's Centre,Children's Centre Adult Learning,Jubilee Children Centre,Tulse Hill,,,London,SW2 2JE,531152,174290,FSD
10139,Young Parents Group At Loughborough Children's Centre,Children's Centre Young Parents,Loughborough Children's Center ,Minet Road,,,London,SW9 7UA,531692,176164,FSD
10912,Co-Parenting For Young Parents With St Michaels Fellowship,Children's Centre Young Parents,,,,,,,,,FSD
11183,Breastfeeding Support Group At Jubilee Children's Centre,Children's Centre Health Visiting,Jubilee Children's Centre,Tulse Hill,,,London,SW2 2JE,531152,174290,FSD
10193,E.S.O.L. At Loughborough Children's Centre,Children's Centre Esol,Loughborough Childrens Centre,Minet Road,,,London,SW9 7UA,531692,176164,FSD
10164,Hand Sewing Embroidery Class At Loughborough Children's Centre,Children's Centre Adult Learning,Loughborough Children's Centre,Minet Road,,,London,SW9 7UA,531692,176164,FSD
10915,Sing And Read With Me,Children's Centre Stay And Play,N/A Online Monthly,,,,,,531692,176164,FSD
10910,Small Group Chatterbox  At Loughborough Children's Centre,Children's Centre Stay And Play,Loughborough Childrens Centre,Minet Road,,,London,SW9 7UA,531692,176164,FSD
10911,Online Chattertime With Evelina London S.L.T.,Speech And Language Therapy,,,,,,,,,FSD
10107,Baby And Me Messy Play At Loughborough Children's Centre,Children's Centre Stay And Play,Loughborough Children's Centre,Minet Road,,,London,SW9 7UA,531692,176164,FSD
10133,Muslim Women's Group At Brockwell One O'Clock Club,Children's Centre Stay And Play,One O Clock Club,Brockwell Park,Arlingford Road,,London,SW2 2TA,531317,174204,FSD
10142,Rising Stars Stay And Play At Jubilee Children's Centre,Children's Centre Stay And Play,Jubilee Children's Centre,Tulse Hill,,,London,SW2 2JE,531152,174290,FSD
10900,Stay And Play At Loughborough Children's Centre,Children's Centre Stay And Play,Loughborough Children's Centre,Minet Road,,,London,SW9 7UA,531692,176164,FSD
10898,Virtual Breastfeeding Support Group,Breastfeeding Support,N/A Online Only,,,,,,531152,174290,FSD
10125,Natural Thinkers At Brockwell One O'Clock Club,Children's Centre Stay And Play,One O Clock Club,Brockwell Park,Arlingford Road,,London,SW2 2TA,531317,174204,FSD
10904,Rose Vouchers At Jubilee Children's Centre,Diet And Nutrition,Jubilee Children's Centre,Tulse Hill,,,London,SW2 2JE,531152,174290,FSD
10916,Rose Vouchers At Loughborough Children's Centre,Diet And Nutrition,Loughborough Childrens Centre,Minet Road,Minet Road,,London,SW9 7UA,531692,176164,FSD
10239,Inspirational Youth,Organisation,The John Corfield Centre,Conyers Road,Streatham,,London,SW16 6LS,529638,170898,FSD
10237,Martial Arts And Youth Mentoring - Warrior Mindset Programme,Youth Projects,The John Corfield Centre,Conyers Road,Streatham,,London,SW16 6LS,529638,170898,FSD
10238,Martial Arts And Youth Mentoring - Peaceful Warrior Programme',Youth Projects,The John Corfield Centre,Conyers Road,Streatham,,London,SW16 6LS,529638,170898,FSD
10984,Dream BiG Storytelling & Music Creation Workshop,Activity,3 Space, International House,Canterbury Crescent,,London,SW9 7QD,531177,175578,FSD
11306,Dream BiG Urban Film Club,Activity,Rathbone Society,The Old Library,14 - 16 Knight's Hill,West Norwood ,London,SE27 0HY,531887,172127,FSD
10269,Dream BiG Football Elite Programme,Activity,Max Roach Adventure Playground,Villa Road,Brixton,,London,SW9 7NE,531339,175911,FSD
11221,Dream BiG Employment Hub,Training And Employment,3 Space,International House,Canterbury Crescent,,London,SW9 7QD,531177,175578,FSD
10293,Centre 70,Organisation,46 Knight's Hill,,,,London,SE27 0JD,531868,172001,FSD
10327,Lambeth Tigers,Organisation,Myatts Fields Park,Knatchbull Road ,,,London,SE5 9RA,531825,176870,FSD
10344,Lambeth College - Brixton Centre,College,Lambeth College,54 - 56 Brixton Hill,,,London,SW2 1QS,530745,174738,FSD
10345,Lambeth College - Clapham Centre,College,Lambeth College,45 Clapham Common South Side,,,London,SW4 9BL,529220,174941,FSD
10481,S.L.A.M.- 24hr Mental Health Crisis Line,Support & Advice,,,,,,,,,FSD
10396,M.I.N.D.,Organisation,,,,,,,,,FSD
10403,Youth Employment Uk Free Skills & Careers Activities,Activity,N/A Telephone & Online Only ,,,,,,530919,175202,FSD
10440,The Dream Project,Organisation,3space,International House,Canterbury Crescent,,London,SW9 7QE,531177,175578,FSD
10505,Little Village,Organisation,N/A online only ,,,,,,530919,175202,FSD
10539,BASE Dance Studios,Activity,4 Tinworth Street,,,,London,SE11 5EJ,530488,178398,FSD
10553,Cool It Art Online,Organisation,Vauxhall Gardens Community Centre,5 Glasshouse Walk,,,London,SE11 5ES,530477,178337,FSD
10564,South London Botanical Institute,Organisation,323 Norwood Road,,,,London,SE24 9AQ,531787,173171,FSD
10567,Lerato Community Initiative,Organisation,3 Space International House,6 Canterbury Crescent,,Brixton,London,SW9 7QD,531177,175578,FSD
10577,The H.E.B.E Foundation,Organisation,823 Wandsworth Road,,,,London,SW8 3JL,528621,175753,FSD
10594,Clapham Film Unit - Animate At Home,Holiday Activities,N/A online only ,,,,,,530917,175095,FSD
10595,Lambeth Made,Organisation,Civic Centre,6 Brixton Hill,,,London,SW2 1EG,530917,175095,FSD
10823,Escalate Football Development Programme (5 - 11 Years Old),Activity,Woodmansterne School,Stockport Road,,,London,SW16 5XE,529690,169799,FSD
10610,Vauxhall Leisure Centre,Leisure,50 South Lambeth Road,,,,London,SW8 1DY,530386,177756,FSD
10614,Hook House Community Centre  - Food Bank & Community Services,Organisation,Hook House,,Knight's Hill,,London,SE27 0EN,531853,171049,FSD
10638,Kennington Park Community Centre,Organisation,Kennington Park Community Centre,Harleyford Street,,,London,SE11 5SY,531142,177643,FSD
10643,Cleaver Square,Parks And Playgrounds,Cleaver Square,,,,London,SE11 4EA,531479,178221,FSD
10644,Grafton Square,Parks And Playgrounds,Grafton Square,,,,London,SW4 0DE,529347,175539,FSD
10645,Hillside Gardens Park,Parks And Playgrounds,Hillside Road,,,,London,SW2 3HL,531099,172774,FSD
10646,Kennington Park,Parks And Playgrounds,Kennington Park Road,,,,London,SE11 4BE,531471,177710,FSD
10647,Larkhall Park,Parks And Playgrounds,Courland Grove,,,,London,SW8 2PX,529817,176520,FSD
10648,Loughborough Park,Parks And Playgrounds,Moorland Road,,,,London,SW9 8UA,531632,175450,FSD
10649,Max Roach Park,Parks And Playgrounds,Brixton Road,,,,London,SW9 7ND,531244,175963,FSD
10650,Milkwood Community Park,Parks And Playgrounds,Milkwood Road,,,,London,SE24 0HZ,532044,175325,FSD
10651,"Mostyn, Olive Morris And Dan Leno Gardens",Parks And Playgrounds,,,,,,,,,FSD
10652,Myatt's Fields Park,Parks And Playgrounds,Cormont Road,,,,London,SE5 9RA,531707,176522,FSD
10653,Norwood Park,Parks And Playgrounds,Salter's Hill,,,,London,SE19 1DZ,532602,171054,FSD
10655,Redevelopment Of Archbishops Park Sports Facilities,Parks And Playgrounds,Carlisle Lane,,,,London,SE1 7LE,530877,179166,FSD
10656,Rush Common,Parks And Playgrounds,Brixton Hill,,,,London,SW2,530919,175202,FSD
10657,Ruskin Park,Parks And Playgrounds,Ruskin Park,Denmark Hill,,,London,SE5 8EL,532548,175780,FSD
10658,St Mary's Gardens,Parks And Playgrounds,Lambeth Palace Road,,,,London,SE1 7EP,530758,179616,FSD
10660,St Paul's Churchyard - Eden At St Paul's,Parks And Playgrounds,Rectory Grove,,,,London,SW4 0DR,529244,175751,FSD
10662,Streatham Common,Parks And Playgrounds,,,,,,,,,FSD
10663,Streatham Common,Parks And Playgrounds,Streatham High Road,,,,London,SW16 1BS,530175,172391,FSD
10664,Streatham Vale Park,Parks And Playgrounds,Abercairn Road,,,,London,SW16 5AL,529101,169976,FSD
10665,The Rookery,Parks And Playgrounds,The Rookery Barn,The Rookery,Streatham Common South,,London,SW16 3BX,531011,170853,FSD
10666,Van Gogh Walk,Parks And Playgrounds,Van Gogh Walk,,,,London,SW9 0HD,530903,177050,FSD
10667,Vauxhall Park,Parks And Playgrounds,Fentiman Road,,,,London,SW8 1JY,530434,177573,FSD
10668,Vauxhall Pleasure Gardens,Parks And Playgrounds,Tyers Street,,,,London,SE11 5HL,530593,178250,FSD
10639,Agnes Riley Gardens,Parks And Playgrounds,Atkins Road,,,,London,SW12 0AH,529292,173776,FSD
10640,Brockwell Park,Parks And Playgrounds,Brockwell Park Gardens,,,,London,SE24 9BJ,531625,173606,FSD
10642,Serious About Tennis,Organisation,,,,,,,,,FSD
10670,Pro Touch S.A. Academy Of Excellence,Organisation,,,,,,,,,FSD
10726,"The Rose Arts London - Dance, Drama School And Talent Agency",Organisation,Woodmansterne School And Children's Centre,Stockport Road,,,London,SW16 5UQ,529748,169827,FSD
10747,Mud Club at The Spinney,Stay And Play One O'Clock Club,The Spinney,Windmill Drive,,,London,SW4 9DE,528931,174736,FSD
10920,Lambeth Youth Council - The Advocate Voice For Young People In Lambeth,Activity,Lambeth Town Hall,Brixton Hill,,,London,SW2 1RW,530919,175202,FSD
10966,South London Warehouse (Clapham Park Foodbank),Food Bank,St Margarets Church,Streatham Hill,,,London,SW2 3BH,530806,172718,FSD
10967,Vauxhall Foodbank,Food Bank,Vauxhall Foodbank,105 Tyers Street,,,London,SE11 5HS,530700,178278,FSD
10968,Norwood & Brixton Foodbank,Food Bank,South London Warehouse,c/o St Margarets Church,Barcombe Avenue,Streatham HIll,London,SW2 3BH,530806,172718,FSD
10995,Exceed Reading Stars,Organisation,Moorlands Community Centre,50A Corry Drive,,,London,SW9 8QT,531620,175170,FSD
11110,Swan Family Centre Lambeth,Family Contact Centres,14 White Hart Street,,,,London,SE11 4EP,531460,178324,FSD
11199,Kids' City At Reay Primary School – After School Club,After School Club,Reay Primary School,Hackford Road,,,London,SW9 0EN,530997,177078,FSD
11143,Kids' City At Reay Primary School - Breakfast Club,Breakfast Club,Reay Primary School House,Hackford Road,,,London,SW9 0EN,530997,177078,FSD
11202,Vanguard School,Special Schools,Vanguard School,Lollard Street,Kennington,,London,SE11 6QH,531197,178633,FSD
11294,Mulberry Outdoor Stay And Play,Stay And Play One O'Clock Club,The Mulberry Centre,Myatt’s Fields Park,,,London,SE5 9LP,531908,176771,FSD
11284,Guide Dogs,Organisation,Guide Dogs,20 Thanet Street,,,London,WC1H 9QL,530116,182667,FSD
11293,Turn2us,Organisation,N/A online only,,,,,,530917,175095,FSD
11353,Werewolves Of London Special Ice Hockey Club,Organisation,Streatham Ice And Leisure Centre,390 Streatham High Road,,,London,SW16 6HX,530029,171082,FSD

